date,tavg,tmin,tmax,prcp,snow,wdir,wspd,wpgt,pres,tsun
2021-01-01 00:00:00,4.9,0.2,9.8,0,,,9.2,24.1,1004.8,
2021-01-02 00:00:00,1.9,-2,7.3,0,,,5.2,16.7,1005.6,
2021-01-03 00:00:00,2.3,-3.7,9.1,0,,,4.4,14.8,1009.6,
2021-01-04 00:00:00,0.9,-4.9,10,0,,,3.5,14.8,1008.9,
2021-01-05 00:00:00,2.5,-1.7,9.2,0,,,7.5,20.4,1009.8,
2021-01-06 00:00:00,2.3,-3,9.1,0,,,5.4,20.4,1013.9,
2021-01-07 00:00:00,3.2,0.5,6.9,0,,,9.8,22.2,1014.1,
2021-01-08 00:00:00,2.3,-3.7,8.3,2.9,,,11.3,31.5,1013,
2021-01-09 00:00:00,3.4,1.2,4.4,16.8,,,24.8,46.3,1009.6,
2021-01-10 00:00:00,4.2,2.7,7.1,0,,,24.6,48.2,1011.9,
2021-01-11 00:00:00,3.4,-2.4,10.4,0,,,7.3,24.1,1018.6,
2021-01-12 00:00:00,1.7,-4.7,11,0,,,2.4,13,1023.7,
2021-01-13 00:00:00,4.6,-3.2,16.7,0,,,3.7,11.1,1024.8,
2021-01-14 00:00:00,3.5,-2.9,14.2,0.8,,,3.3,14.8,1022.4,
2021-01-15 00:00:00,4.3,-2.6,14.4,0,,,4.9,20.4,1020.3,
2021-01-16 00:00:00,5.3,-2.6,14.6,0,,,3,16.7,1023.6,
2021-01-17 00:00:00,6.3,-1.3,17.1,0,,,5,16.7,1022.4,
2021-01-18 00:00:00,4.8,-0.1,13.8,0,,,3.8,14.8,1026.4,
2021-01-19 00:00:00,5.2,-3,15.8,0,,,7.6,31.5,1023,
2021-01-20 00:00:00,9.2,3.9,13.5,0,,,22.4,50,1012.6,
2021-01-21 00:00:00,11.8,5,17.3,0,,,15.1,42.6,1007.5,
2021-01-22 00:00:00,10.3,2.1,14.4,1.6,,,10.6,42.6,1000.6,
2021-01-23 00:00:00,7.4,-1.2,15,0,,,12.6,42.6,1005.2,
2021-01-24 00:00:00,9.1,3,14.4,0,,,12.1,29.6,1003.7,
2021-01-25 00:00:00,6.4,1,13,0,,,11.8,35.2,1008.7,
2021-01-26 00:00:00,6.4,1.3,12.8,0,,,10.1,27.8,1020.7,
2021-01-27 00:00:00,7.1,0.1,16.6,0,,,3.7,13,1019.8,
2021-01-28 00:00:00,9.4,3.9,18.7,0,,,3.7,14.8,1018.9,
2021-01-29 00:00:00,10.6,4.1,20.5,0,,,4.3,18.5,1015,
2021-01-30 00:00:00,9.1,4.4,17.7,5,,,7.9,27.8,1005.5,
2021-01-31 00:00:00,8.9,3.2,18.8,0,,,4.2,14.8,1002.1,
2021-02-01 00:00:00,10.1,3.7,19.4,0,,,6.7,16.7,1003.7,
2021-02-02 00:00:00,9.7,3.4,19.5,0,,,4.9,20.4,1012.5,
2021-02-03 00:00:00,11.8,5.6,22.8,0,,,4.9,25.9,1010.5,
2021-02-04 00:00:00,9.8,4.5,18.7,0,,,5.1,16.7,1012.7,
2021-02-05 00:00:00,11.3,9.4,16,0,,,8.8,27.8,1010.7,
2021-02-06 00:00:00,12.3,7.4,18.6,9.7,,,12.5,33.3,1001.7,
2021-02-07 00:00:00,7.2,4.1,10.4,5.1,,,8,22.2,1002.3,
2021-02-08 00:00:00,6.2,2.5,11,2.2,,,4.1,16.7,999,
2021-02-09 00:00:00,7.8,1.8,13.8,0,,,9.1,38.9,1001.4,
2021-02-10 00:00:00,8.6,5,15.9,0,,,8,29.6,1004.3,
2021-02-11 00:00:00,8.3,2.8,17,,,,3.8,20.4,1016.3,
2021-02-12 00:00:00,7.8,2.9,14.8,2,,,7,22.2,1015.1,
2021-02-13 00:00:00,11.2,4.1,16.6,1.5,,,7.4,24.1,1021.6,
2021-02-14 00:00:00,7.2,6,9.5,,,,7.8,22.2,1033.4,
2021-02-15 00:00:00,7.9,6,10.7,,,,14.3,40.8,1034.4,
2021-02-16 00:00:00,10.8,6.4,18,0,,,18.1,38.9,1024.9,
2021-02-17 00:00:00,9.4,3.1,18.3,0,,,7.1,35.2,1022.5,
2021-02-18 00:00:00,9.7,5.7,15.9,0,,,13.2,38.9,1018.3,
2021-02-19 00:00:00,9.3,6.7,15.4,0,,,8.4,33.3,1019.6,
2021-02-20 00:00:00,9.9,5.6,15.3,0,,,15.7,44.5,1019.4,
2021-02-21 00:00:00,11,6.3,14.9,2.5,,,13.3,38.9,1016.9,
2021-02-22 00:00:00,12.8,11.6,14.3,0.7,,,10.7,33.3,1018,
2021-02-23 00:00:00,13.2,10.9,19.4,0,,,7.7,25.9,1032.3,
2021-02-24 00:00:00,12.1,6.7,19.5,,,,12.6,37,1033.6,
2021-02-25 00:00:00,9.9,2.2,16.9,0,,,11.6,35.2,1030.4,
2021-02-26 00:00:00,11.9,5.8,18.5,0,,,4.6,18.5,1029.3,
2021-02-27 00:00:00,9.7,3,18.8,0,,,4.8,20.4,1025.1,
2021-02-28 00:00:00,9.6,3.8,16,0,,,10.5,31.5,1025.2,
2021-03-01 00:00:00,10.4,7.7,15.1,0,,,10,31.5,1026.3,
2021-03-02 00:00:00,10.8,7.4,14.4,0,,,11.4,27.8,1029.2,
2021-03-03 00:00:00,10.8,8.3,16,0,,,4.5,20.4,1029.6,
2021-03-04 00:00:00,10.6,6.6,15.6,0,,,10.7,29.6,1022.5,
2021-03-05 00:00:00,10.3,6.1,16.5,3.5,,,3.8,20.4,1017.8,
2021-03-06 00:00:00,10.6,7.3,13.8,0,,,9,27.8,1022.1,
2021-03-07 00:00:00,10.2,5.9,14.9,0.1,,,4.2,20.4,1019.7,
2021-03-08 00:00:00,10.1,4.1,14.2,0.4,,,12.9,31.5,1014.3,
2021-03-09 00:00:00,8,1.4,16.3,0.2,,,7.5,33.3,1016,
2021-03-10 00:00:00,7.7,1,16.4,0,,,7.2,35.2,1020.4,
2021-03-11 00:00:00,9.9,1.5,20.1,0,,,5.8,27.8,1019.9,
2021-03-12 00:00:00,9,4.9,11.4,2.7,,,6.9,18.5,1019.7,
2021-03-13 00:00:00,8.6,2.2,17.6,0,,,5.5,25.9,1020,
2021-03-14 00:00:00,8.5,2.5,16,0,,,6.8,29.6,1020.1,
2021-03-15 00:00:00,8.3,1.4,16.8,0,,,6.2,22.2,1022.5,
2021-03-16 00:00:00,9.3,1.2,18.7,0,,,4.6,27.8,1023.2,
2021-03-17 00:00:00,10.2,2.5,18.4,0,,,9.1,40.8,1020.4,
2021-03-18 00:00:00,8.9,3.3,16.2,3.4,,,15.8,42.6,1017.6,
2021-03-19 00:00:00,6.1,1.6,12.1,0,,,14.4,44.5,1012.9,
2021-03-20 00:00:00,8.2,0.4,12.9,0,,,31.6,53.7,1015.7,
2021-03-21 00:00:00,6.7,-2.9,18.3,0,,,7.6,37,1016,
2021-03-22 00:00:00,8.9,-0.5,19.8,0,,,12,31.5,1015.2,
2021-03-23 00:00:00,8.1,0.3,19,0,,,7.2,29.6,1021.3,
2021-03-24 00:00:00,9.9,0.5,21.2,0,,,5.9,31.5,1023.2,
2021-03-25 00:00:00,10.9,3.1,20.6,,,,10.3,38.9,1022.5,
2021-03-26 00:00:00,10.6,2.5,19.3,0,,,9.6,38.9,1020.9,
2021-03-27 00:00:00,11.7,5.3,17.9,0,,,7,24.1,1026,
2021-03-28 00:00:00,10.4,3,20.5,0,,,6.8,25.9,1029.8,
2021-03-29 00:00:00,10.8,2.2,21.5,0,,,6.3,25.9,1031.2,
2021-03-30 00:00:00,11.2,2.9,21.4,0.2,,,6.5,27.8,1029.4,
2021-03-31 00:00:00,11.7,5.3,20.5,0,,,10.4,31.5,1024.5,
2021-04-01 00:00:00,11.2,1.1,21.7,0,,,11.6,40.8,1019,
2021-04-02 00:00:00,13.8,5.5,23,0,,,8.4,29.6,1014.3,
2021-04-03 00:00:00,13.4,6.2,23.6,0,,,8,29.6,1010.6,
2021-04-04 00:00:00,12.7,5.5,20.4,0,,,10.8,33.3,1015.1,
2021-04-05 00:00:00,12.2,4.4,22.2,0,,,6.6,33.3,1015.4,
2021-04-06 00:00:00,11.3,5.6,17.3,0,,,11.5,35.2,1011,
2021-04-07 00:00:00,9.2,2.4,15.8,0.2,,,15,37,1019.4,
2021-04-08 00:00:00,9.3,-0.3,17.5,0,,,20.5,50,1023.5,
2021-04-09 00:00:00,10.3,4.3,16.6,0.5,,,12.7,40.8,1021.6,
2021-04-10 00:00:00,11.3,9.8,13.8,0.2,,,2.7,24.1,1015.4,
2021-04-11 00:00:00,12.2,7.6,20.1,23.4,,,11.3,37,1013.1,
2021-04-12 00:00:00,10.2,4.5,18.3,0,,,6.9,27.8,1021.9,
2021-04-13 00:00:00,10.1,3.6,17.4,0,,,7.7,31.5,1023.9,
2021-04-14 00:00:00,11.6,8,18.1,0,,,8.8,27.8,1020.5,
2021-04-15 00:00:00,11.1,8.1,15.6,0,,,10.7,35.2,1018.8,
2021-04-16 00:00:00,9.6,6.5,13.2,0,,,9.2,33.3,1017.5,
2021-04-17 00:00:00,8.2,1.5,12.8,0,,,7.7,33.3,1016.8,
2021-04-18 00:00:00,9.6,0.7,19.1,0,,,8.3,31.5,1018.1,
2021-04-19 00:00:00,10.2,1.3,19.2,0,,,7.8,31.5,1017.6,
2021-04-20 00:00:00,10.4,5.1,15.5,7.8,,,3.4,29.6,1015.1,
2021-04-21 00:00:00,11.1,6.5,14.2,2.7,,,6.3,25.9,1014.3,
2021-04-22 00:00:00,11,4.8,17.6,0,,,9.6,29.6,1017.2,
2021-04-23 00:00:00,12.6,3.3,21.8,0,,,6.7,29.6,1020.1,
2021-04-24 00:00:00,12.6,2.5,21.8,0,,,10.3,38.9,1020.1,
2021-04-25 00:00:00,13.9,6.6,21.9,0,,,7.1,29.6,1015.4,
2021-04-26 00:00:00,12.4,9.2,18.5,3.1,,,9.1,42.6,1008,
2021-04-27 00:00:00,13.1,11.4,18.1,0.6,,,5.1,20.4,1005.6,
2021-04-28 00:00:00,13.6,9.9,19.1,0.8,,,6.7,25.9,1006.3,
2021-04-29 00:00:00,14.1,12.2,20,1.8,,,7.8,27.8,1007.6,
2021-04-30 00:00:00,13.7,11,20.1,10.4,,,7.7,25.9,1008.7,
2021-05-01 00:00:00,11.8,10.5,14.6,22.3,,,9.2,31.5,1009.6,
2021-05-02 00:00:00,11.1,5.6,15.9,0,,,7.4,29.6,1018.4,
2021-05-03 00:00:00,11.5,4.1,20.4,0,,,8.5,35.2,1021.2,
2021-05-04 00:00:00,13.2,4.6,22.1,0,,,10.2,37,1016.7,
2021-05-05 00:00:00,15.3,9,21.5,0,,,10,31.5,1014.7,
2021-05-06 00:00:00,16.2,8.1,24.9,0,,,11.2,40.8,1014.2,
2021-05-07 00:00:00,16.5,10.8,22.8,0,,,8.8,29.6,1016.3,
2021-05-08 00:00:00,18.5,9.9,26.2,0,,,17.6,46.3,1015.9,
2021-05-09 00:00:00,17.3,11.7,23.2,0.4,,,8.5,27.8,1009.7,
2021-05-10 00:00:00,15.9,12.3,21.2,7,,,11.1,35.2,1007.2,
2021-05-11 00:00:00,12.3,6.1,21.2,24.4,,,8.8,27.8,1011.8,
2021-05-12 00:00:00,13.6,5.8,24.5,0.2,,,9.8,42.6,1013.7,
2021-05-13 00:00:00,14.3,7.4,20.3,0,,,11.8,38.9,1011.6,
2021-05-14 00:00:00,13.4,10.4,18.3,1.2,,,10,25.9,1012.1,
2021-05-15 00:00:00,15.6,9.2,25.8,0,,,8.2,29.6,1012,
2021-05-16 00:00:00,16.3,11.8,23.6,0,,,5,27.8,1009.9,
2021-05-17 00:00:00,14.9,10.1,20.9,0,,,7.9,27.8,1016.1,
2021-05-18 00:00:00,16.3,10,22.5,,,,16,53.7,1017,
2021-05-19 00:00:00,14.9,12.2,20.8,2.1,,,8.9,25.9,1020.4,
2021-05-20 00:00:00,15.8,11.2,21.5,,,,9.5,35.2,1022.2,
2021-05-21 00:00:00,16.7,10,24.1,0,,,18.1,51.8,1014.5,
2021-05-22 00:00:00,16.3,10.8,23.4,0,,,8.5,24.1,1013.4,
2021-05-23 00:00:00,14.3,8.8,21.4,0.1,,,10.2,35.2,1017.4,
2021-05-24 00:00:00,16.1,11.5,24.9,0,,,6.7,27.8,1016.6,
2021-05-25 00:00:00,15.1,10.9,21.3,0,,,6.5,27.8,1023.8,
2021-05-26 00:00:00,15.1,7.2,22.3,0,,,8,33.3,1020.1,
2021-05-27 00:00:00,17.7,9.6,26.7,0,,,8.3,33.3,1016.8,
2021-05-28 00:00:00,18.7,11.9,27.3,0,,,9,27.8,1016.3,
2021-05-29 00:00:00,19.8,11.7,31.1,2,,,5,25.9,1017.3,
2021-05-30 00:00:00,18.7,15,27.7,11.4,,,9.6,25.9,1017.4,
2021-05-31 00:00:00,19.1,13.7,25.9,0,,,9.7,29.6,1015.5,
2021-06-01 00:00:00,18.8,12.5,27,0.5,,,12,38.9,1012.5,
2021-06-02 00:00:00,19.9,15,26.1,0,,,8.6,29.6,1014.7,
2021-06-03 00:00:00,19.9,14.1,27.9,0,,,8,31.5,1019.5,
2021-06-04 00:00:00,20.1,14.1,28.2,0.1,,,8.4,27.8,1020.7,
2021-06-05 00:00:00,20.4,14.5,27.6,0,,,10.4,27.8,1021.1,
2021-06-06 00:00:00,19.8,14,26.5,0,,,7.2,29.6,1019,
2021-06-07 00:00:00,18.9,11.8,28.4,1.4,,,6.4,33.3,1019.5,
2021-06-08 00:00:00,20.9,12.6,30.9,0,,,6.9,33.3,1019.1,
2021-06-09 00:00:00,21.4,13,30.9,0,,,6.8,31.5,1018.9,
2021-06-10 00:00:00,22.8,14,32.8,0,,,7.4,29.6,1017.7,
2021-06-11 00:00:00,22.8,16.2,32.7,0,,,5.5,29.6,1016.5,
2021-06-12 00:00:00,24.6,15.2,34.4,0,,,7.9,33.3,1018.5,
2021-06-13 00:00:00,25.6,16.6,36.1,0,,,7.9,38.9,1018.6,
2021-06-14 00:00:00,26.7,17.9,35.8,0,,,8.3,31.5,1016.2,
2021-06-15 00:00:00,26.3,17.4,35.9,0,,,8,31.5,1015.6,
2021-06-16 00:00:00,25.1,18.2,35,0,,,7.6,37,1012.6,
2021-06-17 00:00:00,22.3,17.5,28.2,0.1,,,10.4,37,1010.9,
2021-06-18 00:00:00,23.6,16.6,32.7,0,,,8.4,31.5,1012.5,
2021-06-19 00:00:00,23.6,16.8,32.7,0.2,,,9.3,38.9,1013.4,
2021-06-20 00:00:00,23.4,18.3,31.1,0.4,,,13.9,48.2,1008,
2021-06-21 00:00:00,24.9,17.7,32.7,0,,,20,53.7,1006.6,
2021-06-22 00:00:00,21.7,15.8,28.8,0,,,10.5,29.6,1011.5,
2021-06-23 00:00:00,20.2,13.9,28.2,0.2,,,6.6,25.9,1015.5,
2021-06-24 00:00:00,20.4,13,28.1,0,,,10.1,33.3,1019.4,
2021-06-25 00:00:00,21.1,13.1,28.1,0,,,11.1,35.2,1019,
2021-06-26 00:00:00,23.3,15.5,31.7,0,,,14.9,44.5,1014.8,
2021-06-27 00:00:00,24.5,17.8,31.8,0,,,18.3,53.7,1011.8,
2021-06-28 00:00:00,22.3,15.5,30.6,0,,,9.2,31.5,1012.6,
2021-06-29 00:00:00,21.1,14.4,28.4,0,,,9,33.3,1015.5,
2021-06-30 00:00:00,21.8,16.6,27.4,0,,,11.3,38.9,1016.6,
2021-07-01 00:00:00,22.7,15.8,30.2,0,,,9.3,35.2,1016.3,
2021-07-02 00:00:00,24.6,17.1,32.9,0,,,12,42.6,1014.9,
2021-07-03 00:00:00,24.6,16.6,33.6,0,,,7.4,27.8,1013.3,
2021-07-04 00:00:00,22.7,17.9,29.5,0,,,8,33.3,1012.6,
2021-07-05 00:00:00,24.2,16.6,31.4,0,,,16.1,50,1012.3,
2021-07-06 00:00:00,24.4,20.3,30.8,0,,,11,31.5,1009.5,
2021-07-07 00:00:00,22.7,17.4,28.6,0.8,,,9.8,35.2,1013.6,
2021-07-08 00:00:00,21.2,15.7,29.5,,,,9.3,33.3,1019.5,
2021-07-09 00:00:00,22.1,15,29.3,0,,,11.3,33.3,1020.8,
2021-07-10 00:00:00,24.7,15.7,34.3,0,,,10.9,44.5,1015.6,
2021-07-11 00:00:00,24.2,18.3,30.5,,,,16.7,50,1014.4,
2021-07-12 00:00:00,23.8,16.4,29.3,0,,,13.3,31.5,1009.4,
2021-07-13 00:00:00,20.1,12.3,28.5,0,,,9.5,33.3,1013.8,
2021-07-14 00:00:00,20.4,14.3,28.7,2.9,,,8.8,29.6,1017.4,
2021-07-15 00:00:00,21.6,17.7,28.9,0.8,,,8,27.8,1018.3,
2021-07-16 00:00:00,23.4,17.9,30.8,0,,,8.6,31.5,1017.3,
2021-07-17 00:00:00,23.1,15.6,32.2,0,,,9.3,31.5,1016.3,
2021-07-18 00:00:00,24.3,16.7,32.5,0,,,8.6,33.3,1012.8,
2021-07-19 00:00:00,25.9,17.5,34.8,0,,,10.8,38.9,1011.3,
2021-07-20 00:00:00,26.7,18.7,35.5,0,,,10.6,38.9,1012.8,
2021-07-21 00:00:00,26.9,19.2,34.5,0,,,9.8,31.5,1015.9,
2021-07-22 00:00:00,27.6,18.3,37.7,0,,,11.8,44.5,1015,
2021-07-23 00:00:00,27.7,17.3,38.7,0,,,16.2,51.8,1011.2,
2021-07-24 00:00:00,25.9,19.6,33.3,0,,,11.5,31.5,1008.3,
2021-07-25 00:00:00,24.3,17.2,32.3,0,,,9.5,33.3,1009.3,
2021-07-26 00:00:00,23.9,17.5,31.5,0.1,,,8.8,29.6,1012.1,
2021-07-27 00:00:00,24.7,17.1,34.9,0,,,15.4,50,1012.9,
2021-07-28 00:00:00,24.3,18.7,32.3,0,,,10,27.8,1014.1,
2021-07-29 00:00:00,24.6,17.7,31.9,0,,,13.4,42.6,1013.4,
2021-07-30 00:00:00,24.4,17.5,34.6,0,,,6.8,27.8,1010.9,
2021-07-31 00:00:00,23.6,16.4,32,9.1,,,10.2,33.3,1009.6,
2021-08-01 00:00:00,19.6,15.1,26.3,0.8,,,12.1,29.6,1012.9,
2021-08-02 00:00:00,20.9,14,29.1,0,,,9.8,33.3,1015.8,
2021-08-03 00:00:00,23.1,15.5,31,0.1,,,15.4,50,1014.4,
2021-08-04 00:00:00,20.8,16.2,27.1,14.1,,,7,22.2,1013,
2021-08-05 00:00:00,21.9,14.8,29.3,0,,,9.1,29.6,1013.3,
2021-08-06 00:00:00,23,18.8,29.6,0,,,8.8,31.5,1010.1,
2021-08-07 00:00:00,23.7,18.3,31.7,0,,,8.8,27.8,1006.3,
2021-08-08 00:00:00,22.1,17.5,30,0,,,9.2,29.6,1014.7,
2021-08-09 00:00:00,22,15.1,29.6,0,,,10.2,37,1016.9,
2021-08-10 00:00:00,23.5,16.1,31.3,0,,,6,27.8,1016,
2021-08-11 00:00:00,25.7,18,35.6,0,,,8.5,27.8,1016,
2021-08-12 00:00:00,27.5,20,37.5,0,,,8.3,33.3,1016.2,
2021-08-13 00:00:00,27.4,20.1,37.8,0,,,8.9,31.5,1019.3,
2021-08-14 00:00:00,27.3,18.9,37.2,0,,,10.8,40.8,1017.2,
2021-08-15 00:00:00,27.7,20.6,36.8,0,,,8.7,35.2,1014.8,
2021-08-16 00:00:00,25.4,20.2,33.9,0,,,10.6,33.3,1015.1,
2021-08-17 00:00:00,23.3,18.4,30.8,0,,,12,35.2,1017.4,
2021-08-18 00:00:00,21.9,15.1,30.5,0,,,9.7,33.3,1016.5,
2021-08-19 00:00:00,21.7,15.5,28.1,,,,9.7,33.3,1014.3,
2021-08-20 00:00:00,23.1,15.8,31.4,0,,,10.4,37,1014.5,
2021-08-21 00:00:00,25.1,17.4,33.5,0,,,11.2,38.9,1016,
2021-08-22 00:00:00,25.1,18.9,32.6,0,,,9.2,33.3,1018.4,
2021-08-23 00:00:00,24.2,19.9,30.9,0,,,8.3,24.1,1017.1,
2021-08-24 00:00:00,23.4,19,29.7,0,,,7.1,27.8,1014.4,
2021-08-25 00:00:00,22.3,16.7,31.1,1.7,,,9,33.3,1013.2,
2021-08-26 00:00:00,23.4,15.4,32.6,0,,,9.4,33.3,1012.6,
2021-08-27 00:00:00,23.9,17.4,31.4,0,,,7,29.6,1011.6,
2021-08-28 00:00:00,23.4,17.2,30.8,0,,,8.7,29.6,1012.5,
2021-08-29 00:00:00,22.2,16.7,30.1,0,,,10.5,35.2,1013.5,
2021-08-30 00:00:00,21.4,15,29.1,0,,,10.2,29.6,1013.5,
2021-08-31 00:00:00,22.1,17.2,30.2,6.7,,,8.6,35.2,1016.1,
2021-09-01 00:00:00,20.9,15.2,27.9,0.1,,,7.8,27.8,1017.7,
2021-09-02 00:00:00,20.9,17.6,24.8,0.5,,,9.4,25.9,1017.3,
2021-09-03 00:00:00,21.6,17.7,30.9,56.4,,,11.3,31.5,1015.6,
2021-09-04 00:00:00,21.9,16.5,28.4,0,,,7.4,31.5,1015.2,
2021-09-05 00:00:00,23.8,17.6,32.6,0,,,8.5,33.3,1016.2,
2021-09-06 00:00:00,23.3,18,29.9,0,,,8.1,27.8,1018.7,
2021-09-07 00:00:00,24.3,20.2,29.9,0,,,12.9,38.9,1018.2,
2021-09-08 00:00:00,24.6,20.7,30.3,0,,,14,44.5,1013.3,
2021-09-09 00:00:00,23.8,21.2,29.4,0,,,12.8,37,1012.3,
2021-09-10 00:00:00,21.7,18.7,28.4,3,,,9.8,37,1015,
2021-09-11 00:00:00,21.8,16.2,28.6,0,,,9.5,37,1017.1,
2021-09-12 00:00:00,22.7,17.6,29.9,0,,,8,31.5,1015,
2021-09-13 00:00:00,23.4,17,31.2,0,,,14.6,40.8,1014.1,
2021-09-14 00:00:00,25.2,21.9,31,,,,16.1,42.6,1012.8,
2021-09-15 00:00:00,25.4,20.7,32.5,15.3,,,12.4,35.2,1011.4,
2021-09-16 00:00:00,21.6,17,28,6.5,,,6.9,22.2,1015.3,
2021-09-17 00:00:00,21.3,16.3,27.9,0,,,9.6,27.8,1013.9,
2021-09-18 00:00:00,20.1,15.8,27.5,3,,,8.1,24.1,1013,
2021-09-19 00:00:00,19.5,14,25.8,0,,,8,27.8,1016.3,
2021-09-20 00:00:00,16.9,13.1,23.9,39.3,,,6.7,22.2,1018.3,
2021-09-21 00:00:00,16.7,12.2,22.2,,,,9,25.9,1021,
2021-09-22 00:00:00,18.7,13.7,24.3,0,,,12.2,37,1020.8,
2021-09-23 00:00:00,18.3,12.3,25,0,,,9,33.3,1019.6,
2021-09-24 00:00:00,19.8,13.4,25.3,0,,,7,27.8,1017.3,
2021-09-25 00:00:00,22,16.5,28.7,1,,,10.5,38.9,1015.3,
2021-09-26 00:00:00,21.8,16.5,29.3,0,,,6.7,24.1,1016.8,
2021-09-27 00:00:00,20.1,13.7,28.2,0,,,5.9,20.4,1018.9,
2021-09-28 00:00:00,19.9,13.3,26.1,0,,,9.3,37,1019.9,
2021-09-29 00:00:00,19.2,14.3,26.1,0,,,5.1,24.1,1022.5,
2021-09-30 00:00:00,19.6,15.5,26.2,0,,,7.7,27.8,1023.7,
2021-10-01 00:00:00,19.3,15.8,24.4,0,,,7,27.8,1020,
2021-10-02 00:00:00,19.5,12.5,26.1,0,,,14.6,44.5,1015.5,
2021-10-03 00:00:00,21.8,15.7,25.8,15,,,24.4,50,1009.1,
2021-10-04 00:00:00,14.3,10,18,0.6,,,10.4,37,1014.8,
2021-10-05 00:00:00,15.9,7.8,24.6,0,,,5.4,29.6,1016.6,
2021-10-06 00:00:00,17.2,13,23.5,0,,,6.7,22.2,1021,
2021-10-07 00:00:00,16.4,9.7,25.3,0,,,7,29.6,1019.9,
2021-10-08 00:00:00,16,9.2,23.5,0,,,7.8,20.4,1019.2,
2021-10-09 00:00:00,17,14.7,21,0,,,6.4,22.2,1020.2,
2021-10-10 00:00:00,16.1,9.5,21.6,0,,,6,22.2,1021.3,
2021-10-11 00:00:00,14.6,6.6,24.8,0,,,5.2,24.1,1020.9,
2021-10-12 00:00:00,14.3,6,23.2,0,,,3.3,24.1,1017.7,
2021-10-13 00:00:00,15.1,8.8,21.4,0,,,12.5,38.9,1017.9,
2021-10-14 00:00:00,13.9,6.9,23.2,0,,,8.2,31.5,1022.2,
2021-10-15 00:00:00,14.9,7.1,24.6,,,,4.8,22.2,1017.8,
2021-10-16 00:00:00,15.5,9.3,24.2,0,,,4.3,25.9,1017,
2021-10-17 00:00:00,15.2,8.9,21.5,0,,,5.3,27.8,1018.6,
2021-10-18 00:00:00,17.1,10.8,23.7,0.1,,,6.5,25.9,1022.5,
2021-10-19 00:00:00,18.6,13.9,25.5,,,,14,42.6,1024.6,
2021-10-20 00:00:00,19.9,16.9,24.9,0,,,26.7,53.7,1020.1,
2021-10-21 00:00:00,17.2,12.5,21.8,,,,11.8,37,1016.3,
2021-10-22 00:00:00,15.1,9.2,23.4,0,,,4.8,24.1,1018.2,
2021-10-23 00:00:00,12.9,5.7,21.6,0,,,8.8,25.9,1020.8,
2021-10-24 00:00:00,13.8,5.3,22,0,,,7.7,24.1,1022.2,
2021-10-25 00:00:00,14.6,8.3,22.3,0,,,6.3,18.5,1021.2,
2021-10-26 00:00:00,13.9,6.7,23.7,0,,,4.3,20.4,1022.2,
2021-10-27 00:00:00,13.7,6.5,21.3,0,,,7,27.8,1022.2,
2021-10-28 00:00:00,14.2,7.8,21.8,0,,,5.7,22.2,1018.1,
2021-10-29 00:00:00,15.2,7.1,21.4,1.1,,,12.8,42.6,1012.3,
2021-10-30 00:00:00,17.4,13,21,,,,15.1,42.6,1006.9,
2021-10-31 00:00:00,16.3,11.2,22.2,0.8,,,5.5,22.2,1007.7,
2021-11-01 00:00:00,15.2,9.5,17.6,0.7,,,8.1,20.4,1006.8,
2021-11-02 00:00:00,12.3,5.5,19,0.2,,,7.9,33.3,1007.5,
2021-11-03 00:00:00,10.2,4.7,14.9,1.4,,,6.6,25.9,1002.9,
2021-11-04 00:00:00,9.9,4.4,16.8,0,,,5.7,16.7,1011.3,
2021-11-05 00:00:00,9.3,2.6,16.7,0,,,13.4,35.2,1018.3,
2021-11-06 00:00:00,10.3,4.1,16.3,0,,,19,50,1022,
2021-11-07 00:00:00,10.9,0.6,22.4,0,,,12.8,33.3,1016.8,
2021-11-08 00:00:00,12.2,3.2,22.5,0,,,12.9,31.5,1013.8,
2021-11-09 00:00:00,11.1,4.7,15.8,0.1,,,14.3,35.2,1017.7,
2021-11-10 00:00:00,12.9,10.9,14.3,27.5,,,20.3,42.6,1016.5,
2021-11-11 00:00:00,14.2,11.7,17.4,15,,,20.2,37,1016.9,
2021-11-12 00:00:00,14.2,11.5,16.4,2,,,13.7,33.3,1015.3,
2021-11-13 00:00:00,14.8,11.6,19.9,0,,,12.9,27.8,1016.7,
2021-11-14 00:00:00,11.7,6.3,16.9,0,,,6.6,20.4,1014.6,
2021-11-15 00:00:00,11.4,6.8,17.1,0.5,,,12.4,29.6,1014.4,
2021-11-16 00:00:00,11,5.6,16.6,0.3,,,9.3,25.9,1016.5,
2021-11-17 00:00:00,8.5,2.9,16.4,0,,,5.1,20.4,1019.4,
2021-11-18 00:00:00,8.7,1.6,18.4,0,,,2.9,20.4,1025.9,
2021-11-19 00:00:00,8.6,1.7,17.2,0,,,4.7,18.5,1028.4,
2021-11-20 00:00:00,9.1,1.3,18.4,0,,,5,24.1,1023.5,
2021-11-21 00:00:00,11.9,8.5,17.3,1.1,,,2.6,14.8,1013,
2021-11-22 00:00:00,9.9,6.5,11.7,4.3,,,4.9,25.9,1010.9,
2021-11-23 00:00:00,10.8,6.9,12.7,31.8,,,12.7,31.5,1014.6,
2021-11-24 00:00:00,9.9,5.8,11.2,13.4,3,,7.9,24.1,1010.8,
2021-11-25 00:00:00,9.2,5.2,13.7,4.6,,,11.2,22.2,1004.7,
2021-11-26 00:00:00,8.8,3.8,14.9,0.5,,,6.3,25.9,1003.9,
2021-11-27 00:00:00,5.8,0.1,13.3,0,,,7,24.1,998.8,
2021-11-28 00:00:00,4.3,-1.2,11.5,0,,,5.4,18.5,1003.7,
2021-11-29 00:00:00,5.6,-1.2,13.5,0,,,8.2,24.1,1011.2,
2021-11-30 00:00:00,6.2,-0.4,14.3,0,,,5.7,24.1,1023.6,
2021-12-01 00:00:00,6.6,-0.7,14,0.3,,,4.6,14.8,1015.3,
2021-12-02 00:00:00,9,3.3,14.4,1.4,,,7.1,27.8,1006.6,
2021-12-03 00:00:00,5.5,-1.5,14.3,0,,,5.8,29.6,1015.2,
2021-12-04 00:00:00,8.3,0.7,16.3,0,,,8,25.9,1013.8,
2021-12-05 00:00:00,6.8,-0.4,14.3,0,,,7,18.5,1009.8,
2021-12-06 00:00:00,4.7,-2.7,13.5,0,,,6.1,24.1,1015.9,
2021-12-07 00:00:00,7.8,0.3,16.6,,,,12.2,40.8,1014.3,
2021-12-08 00:00:00,9.9,2.2,14.8,0,,,8.9,33.3,1004.3,
2021-12-09 00:00:00,5,-2.3,11.9,,,,5.1,18.5,1011.2,
2021-12-10 00:00:00,8.8,2.7,14.8,0,,,10.8,44.5,1006.9,
2021-12-11 00:00:00,8.1,2.9,15.1,0,,,8,48.2,1016.9,
2021-12-12 00:00:00,7.6,0.4,18.4,0,,,4.4,14.8,1024.7,
2021-12-13 00:00:00,7.9,1.3,15.8,0,,,3.5,13,1025.7,
2021-12-14 00:00:00,9,2.7,17.1,,,,2.7,11.1,1025.8,
2021-12-15 00:00:00,7.2,-0.4,17.8,0,,,2,14.8,1026.1,
2021-12-16 00:00:00,6.9,0.8,15.6,0,,,2.8,16.7,1028.8,
2021-12-17 00:00:00,7.3,1.8,15.1,0,,,4,16.7,1029.9,
2021-12-18 00:00:00,6.6,-0.4,16,0,,,2.9,16.7,1029.1,
2021-12-19 00:00:00,6.2,0.1,14.2,0,,,2.9,16.7,1026.4,
2021-12-20 00:00:00,4.6,-2.7,14.8,0,,,1.9,13,1020,
2021-12-21 00:00:00,5.8,-1.7,11.8,0,,,6.1,16.7,1019.9,
2021-12-22 00:00:00,8.8,6.6,11.2,0,,,5.7,14.8,1021.2,
2021-12-23 00:00:00,10.5,6.4,16,0,,,8.7,31.5,1018.7,
2021-12-24 00:00:00,11.6,6.6,16.3,0,,,12.2,25.9,1011.4,
2021-12-25 00:00:00,11.3,5.5,20.5,0,,,5.2,18.5,1004.9,
2021-12-26 00:00:00,9.5,3,17.7,0,,,3.8,16.7,1008.1,
2021-12-27 00:00:00,12.2,5.3,16.9,0,,,10.1,25.9,1007.1,
2021-12-28 00:00:00,11.4,4.8,20,0,,,4.6,18.5,1012.7,
2021-12-29 00:00:00,13.2,6,22.3,0,,,3.9,14.8,1018.6,
2021-12-30 00:00:00,11.1,4.5,21.9,0,,,2,13,1022.2,
2021-12-31 00:00:00,9.6,2.7,20,0.2,,,1.4,11.1,1025.6,
2022-01-01 00:00:00,7.2,0.7,13.7,0.1,,,5.4,14.8,1026.6,
2022-01-02 00:00:00,8.2,3.2,11.1,,,,3.8,13,1027.4,
2022-01-03 00:00:00,8.2,1.3,16.7,0,,,4.6,20.4,1023.3,
2022-01-04 00:00:00,11.6,4.5,24.6,2.6,,,8.9,25.9,1009.3,
2022-01-05 00:00:00,8.4,0.4,12.6,0.9,,,5.2,25.9,1009,
2022-01-06 00:00:00,2.8,-3.7,13.2,0,,,3.5,18.5,1016.3,
2022-01-07 00:00:00,2.5,-4.6,13,0,,,2.9,14.8,1022.4,
2022-01-08 00:00:00,5.1,-3.4,14.5,0,,,6.2,20.4,1020.8,
2022-01-09 00:00:00,6.8,0.8,14.3,0.1,,,4.7,22.2,1012.8,
2022-01-10 00:00:00,9.2,4.2,11.9,0.5,,,16.2,33.3,1014,
2022-01-11 00:00:00,6.6,-2.3,16,0,,,7.8,25.9,1022.6,
2022-01-12 00:00:00,4.9,-2.7,12.3,0,,,5.6,27.8,1029.2,
2022-01-13 00:00:00,2.6,-4.9,12.1,0,,,5.8,18.5,1034.1,
2022-01-14 00:00:00,3.3,-5,14.2,0,,,4.1,16.7,1033.2,
2022-01-15 00:00:00,3.3,-5.3,15.2,0,,,1.9,13,1026.8,
2022-01-16 00:00:00,3.1,-5.5,15.1,0,,,3.6,16.7,1028.6,
2022-01-17 00:00:00,3.6,-5,16,0,,,2.7,16.7,1031.1,
2022-01-18 00:00:00,3.6,-5.6,14.1,0,,,3.2,18.5,1030.6,
2022-01-19 00:00:00,5.1,-3,13.9,0,,,3.7,16.7,1030.8,
2022-01-20 00:00:00,5.7,-1.5,15.1,0,,,4.4,16.7,1026.5,
2022-01-21 00:00:00,6.1,-1.7,13.4,0,,,9.4,27.8,1025.3,
2022-01-22 00:00:00,3.3,-4.8,13.7,0,,,3.7,18.5,1029.5,
2022-01-23 00:00:00,3.4,-4.2,14,0,,,2.8,20.4,1029,
2022-01-24 00:00:00,4.3,-3.2,14.3,0,,,4.4,22.2,1029.4,
2022-01-25 00:00:00,4.4,-3.5,14.1,0,,,3.1,16.7,1032.5,
2022-01-26 00:00:00,5.3,-3.5,17.4,0,,,2.6,16.7,1029.9,
2022-01-27 00:00:00,5.4,-3.5,16.8,0,,,4.1,20.4,1028.5,
2022-01-28 00:00:00,6.3,-4.9,21.4,0,,,3.4,16.7,1029.1,
2022-01-29 00:00:00,6.9,-2.7,19.9,0,,,5,25.9,1031.1,
2022-01-30 00:00:00,7.7,-2.4,21,0,,,4.8,24.1,1026,
2022-01-31 00:00:00,6.8,-1.8,16.7,0,,,6.2,22.2,1020.5,
2022-02-01 00:00:00,7.6,0.4,15.9,,,,7.2,27.8,1022.4,
2022-02-02 00:00:00,8,-0.1,19.1,0,,,5.8,20.4,1022.9,
2022-02-03 00:00:00,7.4,-1.6,19.8,0,,,5.5,18.5,1020.2,
2022-02-04 00:00:00,8.4,1.7,16.1,0,,,5,16.7,1019.9,
2022-02-05 00:00:00,10.1,5.4,15.9,0,,,6,22.2,1023.6,
2022-02-06 00:00:00,8.3,0.7,15.5,0,,,7.8,24.1,1026.8,
2022-02-07 00:00:00,8.3,0.6,20,0,,,6.1,18.5,1025.8,
2022-02-08 00:00:00,8.1,0,17.6,0,,,5.6,27.8,1031.1,
2022-02-09 00:00:00,8.4,0.8,16.8,0,,,8.5,35.2,1030.5,
2022-02-10 00:00:00,6.6,-0.9,16.5,,,,5.2,20.4,1027.7,
2022-02-11 00:00:00,7.8,-0.4,18.6,0,,,3.8,22.2,1025.6,
2022-02-12 00:00:00,9.5,6.8,13.1,0,,,6.6,22.2,1025.4,
2022-02-13 00:00:00,11.2,5.6,16,0,,,19,48.2,1020,
2022-02-14 00:00:00,10.4,3.1,17,2.3,,,14.9,38.9,1012.9,
2022-02-15 00:00:00,7.1,-0.6,16.6,0,,,6.1,25.9,1020.8,
2022-02-16 00:00:00,8.3,0.7,17.9,0,,,3.1,14.8,1021.8,
2022-02-17 00:00:00,10.2,1.1,21.5,0,,,5.5,16.7,1021.7,
2022-02-18 00:00:00,11.8,1.7,25.8,0,,,7.1,25.9,1016.3,
2022-02-19 00:00:00,8.7,4.9,10.7,1.5,,,7.3,29.6,1020.1,
2022-02-20 00:00:00,8.7,2.9,17.3,0,,,4.8,20.4,1025.7,
2022-02-21 00:00:00,9.2,0.2,19.6,0,,,6.6,24.1,1022.2,
2022-02-22 00:00:00,8.9,0.2,18.4,0,,,6.1,24.1,1025.6,
2022-02-23 00:00:00,8.8,0.2,19.6,0,,,5.1,27.8,1025,
2022-02-24 00:00:00,10.8,4.5,18.6,0,,,7.7,24.1,1021.2,
2022-02-25 00:00:00,8.6,1,14.4,0,,,4.7,24.1,1024.5,
2022-02-26 00:00:00,8,0.6,15.4,0,,,13.3,37,1025.2,
2022-02-27 00:00:00,9.1,-0.3,16.1,0,,,14.5,40.8,1023.2,
2022-02-28 00:00:00,9.7,3,15.4,0,,,8.9,37,1026.1,
2022-03-01 00:00:00,8.9,-0.3,16.3,0,,,9.4,31.5,1025.6,
2022-03-02 00:00:00,10.3,3.8,16.2,0.2,,,11.1,38.9,1021.1,
2022-03-03 00:00:00,10.8,4,17.8,0,,,7.1,31.5,1015.5,
2022-03-04 00:00:00,10.8,4.9,19.4,0.5,,,5.3,25.9,1013.5,
2022-03-05 00:00:00,9.2,5.7,12.9,0.8,,,5.6,24.1,1015.2,
2022-03-06 00:00:00,9.1,4.9,12.4,0,,,7.2,25.9,1015.5,
2022-03-07 00:00:00,8.9,5.1,12.8,0,,,6.6,24.1,1016.6,
2022-03-08 00:00:00,9.1,2.4,14.7,0,,,16.6,40.8,1017.4,
2022-03-09 00:00:00,9.7,5.2,16.1,0,,,10.6,38.9,1021.8,
2022-03-10 00:00:00,10.4,3.4,15.3,0,,,17.3,46.3,1021.2,
2022-03-11 00:00:00,11.2,7.3,14.2,16.3,,,14,44.5,1016.9,
2022-03-12 00:00:00,10.6,9,11.8,45.8,1,,10.6,33.3,1013.3,
2022-03-13 00:00:00,11.9,8.5,15.7,,,,10.1,35.2,1014.4,
2022-03-14 00:00:00,11.3,6.8,13.7,4.1,,,11.5,35.2,1022.6,
2022-03-15 00:00:00,12.6,11.7,13.5,2,,,13.4,35.2,1025.4,
2022-03-16 00:00:00,12.4,10.8,13.4,0.9,,,15,31.5,1021.1,
2022-03-17 00:00:00,13,10.1,15.5,0.2,,,20.9,55.5,1020.7,
2022-03-18 00:00:00,12.6,11.2,13.8,3.2,,,21,48.2,1025.2,
2022-03-19 00:00:00,10.5,8.4,11.4,0.5,,,16.5,37,1027.2,
2022-03-20 00:00:00,11,8.1,12.5,37.1,,,3.7,29.6,1026.8,
2022-03-21 00:00:00,11.2,7.9,13.2,2.8,,,6.7,37,1028.9,
2022-03-22 00:00:00,9.7,4.2,14.7,2.1,,,10.6,33.3,1029.6,
2022-03-23 00:00:00,9.1,3.4,14.4,0,,,8.6,31.5,1027.9,
2022-03-24 00:00:00,9.7,6.3,13.5,,,,6.5,27.8,1025.9,
2022-03-25 00:00:00,10.5,6.3,17.5,0,,,10.8,35.2,1023,
2022-03-26 00:00:00,9.9,6.7,15.1,1.4,,,13.7,44.5,1021.8,
2022-03-27 00:00:00,12.4,7.3,19.8,0,,,12.3,35.2,1023.9,
2022-03-28 00:00:00,11.1,3.5,21,0,,,7,31.5,1022.9,
2022-03-29 00:00:00,11.5,7.2,17.2,3.1,,,10.1,24.1,1011.7,
2022-03-30 00:00:00,10.4,8.5,15.2,14.1,,,14.5,35.2,1002.4,
2022-03-31 00:00:00,9.3,4.9,15.4,3.9,,,8,29.6,999.3,
2022-04-01 00:00:00,7.1,0.7,14.5,0,,,10.4,40.8,1003.6,
2022-04-02 00:00:00,4.9,-1.7,12.6,0,,,10.3,35.2,1010.2,
2022-04-03 00:00:00,3.9,-1.4,10.4,0,,,9.5,29.6,1016.3,
2022-04-04 00:00:00,6.4,-0.4,13.9,0,,,13.9,42.6,1018.1,
2022-04-05 00:00:00,7.9,0.1,18.4,0,,,9.2,31.5,1014.8,
2022-04-06 00:00:00,9.8,4.2,18.5,,,,7.7,25.9,1011,
2022-04-07 00:00:00,11.7,3.1,23.2,0,,,7,31.5,1013.2,
2022-04-08 00:00:00,14.3,6.2,26.1,0,,,10.2,40.8,1010.7,
2022-04-09 00:00:00,11.4,9.5,17.1,5.1,,,7.9,27.8,1013.7,
2022-04-10 00:00:00,11.9,8.1,18,0,,,14,42.6,1018.2,
2022-04-11 00:00:00,12.8,9.5,18.4,0,,,17.1,38.9,1015.3,
2022-04-12 00:00:00,11.8,11.6,13.4,0.9,,,13.1,31.5,1013.5,
2022-04-13 00:00:00,11.8,10.3,15.1,,,,16.8,40.8,1013.8,
2022-04-14 00:00:00,15.2,8.8,22.5,0,,,17.6,46.3,1016.5,
2022-04-15 00:00:00,16.6,8.3,26.5,0,,,11.7,33.3,1018.3,
2022-04-16 00:00:00,16.6,8.5,28.8,0,,,5.9,31.5,1016.5,
2022-04-17 00:00:00,14.3,7.9,23.2,0,,,12.3,37,1016.3,
2022-04-18 00:00:00,12.7,6.2,21.6,0,,,9.3,33.3,1015.1,
2022-04-19 00:00:00,13.1,7.1,21,0.5,,,9.4,29.6,1011.3,
2022-04-20 00:00:00,11.1,9.4,14.5,38.2,,,18.3,46.3,1006,
2022-04-21 00:00:00,10.2,8.7,12.8,7.4,,,10.9,37,1003.2,
2022-04-22 00:00:00,13.2,6.6,22.2,0,,,13.3,46.3,999.7,
2022-04-23 00:00:00,10.8,8.7,15.4,5.5,,,18,55.5,997.4,
2022-04-24 00:00:00,13,8.6,21.5,1.2,,,8.3,31.5,1005.8,
2022-04-25 00:00:00,13.3,7.2,21.1,0,,,8.4,31.5,1012.5,
2022-04-26 00:00:00,13.6,5.9,23.3,0,,,9.2,37,1013.6,
2022-04-27 00:00:00,13.6,7.3,22.8,0,,,9.7,35.2,1015.5,
2022-04-28 00:00:00,15,9.2,23.2,0,,,11.6,38.9,1019.8,
2022-04-29 00:00:00,15.4,8.5,26.3,0,,,8,31.5,1022.2,
2022-04-30 00:00:00,13.4,10.1,21.4,2,,,5.2,25.9,1020.2,
2022-05-01 00:00:00,14.4,8.2,22.9,1.5,,,7.8,35.2,1017.3,
2022-05-02 00:00:00,14.9,13,20.8,0,,,6.4,25.9,1013.8,
2022-05-03 00:00:00,13.6,9.7,21.8,11.1,,,6.2,33.3,1013.7,
2022-05-04 00:00:00,13.2,7.8,20.9,,,,6.9,31.5,1016.7,
2022-05-05 00:00:00,16.1,9.1,23,0,,,16.1,48.2,1017.5,
2022-05-06 00:00:00,15.8,7.5,25,0,,,11.5,37,1017.8,
2022-05-07 00:00:00,17.4,11.1,26.4,0,,,9.6,37,1017.7,
2022-05-08 00:00:00,15.3,8,24.8,0.7,,,5.6,24.1,1018.5,
2022-05-09 00:00:00,16.1,12,25.7,9.2,,,6.6,25.9,1021.3,
2022-05-10 00:00:00,16.2,9.5,25.8,,,,9.7,37,1021.4,
2022-05-11 00:00:00,17.3,10.4,26.3,0,,,19.3,53.7,1018.7,
2022-05-12 00:00:00,16.6,9,25.3,0,,,16.9,46.3,1020.4,
2022-05-13 00:00:00,16.1,8.3,26.5,0,,,8.9,33.3,1020.6,
2022-05-14 00:00:00,18.6,11.7,28.3,0,,,10.5,38.9,1018,
2022-05-15 00:00:00,18.6,11.3,28.2,0,,,15.4,48.2,1015.4,
2022-05-16 00:00:00,18.9,12.2,27.7,0,,,9.6,27.8,1017.6,
2022-05-17 00:00:00,18.8,12.1,28.4,0,,,7.1,29.6,1017.8,
2022-05-18 00:00:00,20.6,14.1,32.2,0,,,8.3,37,1017.7,
2022-05-19 00:00:00,20.6,15.2,28.9,0,,,11.3,38.9,1021.2,
2022-05-20 00:00:00,20.1,13,29.5,0,,,18.6,50,1022.8,
2022-05-21 00:00:00,21.2,12.5,32.8,0,,,11.5,42.6,1018.8,
2022-05-22 00:00:00,22.7,13.1,37.3,0,,,11.3,40.8,1010.5,
2022-05-23 00:00:00,20.4,14.5,29.7,4.3,,,11,29.6,1006.7,
2022-05-24 00:00:00,14.4,12.8,19.2,17.5,,,8.9,25.9,1010.1,
2022-05-25 00:00:00,15.7,12.8,22.8,0,,,6.6,27.8,1014.4,
2022-05-26 00:00:00,19.4,14.4,27.2,0,,,11.8,29.6,1019.3,
2022-05-27 00:00:00,19.7,15.1,29,0,,,11.8,29.6,1017.4,
2022-05-28 00:00:00,20.4,12.5,30.8,0,,,8,24.1,1011.9,
2022-05-29 00:00:00,18.8,13.6,27.5,0,,,9.3,20.4,1006.7,
2022-05-30 00:00:00,18.6,12.1,27.9,0,,,10.1,18.5,1007,
2022-05-31 00:00:00,18.7,11.8,28.8,0,,,7.7,18.5,1012.3,
2022-06-01 00:00:00,19.6,12.4,29.9,0,,,11.2,22.2,1013.3,
2022-06-02 00:00:00,20.3,15.5,30.4,0,,,8.5,,1012.8,
2022-06-03 00:00:00,21.7,17.1,31.9,0,,,10,,1012.3,
2022-06-04 00:00:00,21.6,17.2,34.4,0,,,9.2,,1013,
2022-06-05 00:00:00,21.6,16.6,31.3,0,,,10.3,,1015.9,
2022-06-06 00:00:00,21.8,15.1,31.2,0,,,15.1,,1017.1,
2022-06-07 00:00:00,21.3,15.8,29.8,0,,,12.2,,1016.2,
2022-06-08 00:00:00,19.4,17.2,28.7,1.3,,,7.3,,1013,
2022-06-09 00:00:00,19.8,15.7,28,0,,,8.8,,1015.7,
2022-06-10 00:00:00,20.9,12.5,34.5,0,,,6.8,,1018.2,
2022-06-11 00:00:00,22.6,14.2,34.1,0,,,7.2,,1019.2,
2022-06-12 00:00:00,24.3,15.9,35.6,0,,,8.5,,1018.9,
2022-06-13 00:00:00,24.7,18.1,36.5,0,,,11.8,,1016.5,
2022-06-14 00:00:00,24,17.5,35.8,0.1,,,8.6,31.5,1014.8,
2022-06-15 00:00:00,24.9,19.9,34.8,0,,,10,25.9,1015.4,
2022-06-16 00:00:00,26.2,17.8,39,0,,,6.4,33.3,1016.7,
2022-06-17 00:00:00,27.6,21.1,40.8,0,,,8.7,35.2,1017.1,
2022-06-18 00:00:00,25.5,18.4,36.5,0,,,7.9,35.2,1015.7,
2022-06-19 00:00:00,23.2,18.1,33.6,0,,,12.1,46.3,1011.8,
2022-06-20 00:00:00,23.1,18.6,32.3,0,,,11.9,42.6,1010.2,
2022-06-21 00:00:00,23.8,18.8,36.9,3.5,,,9.2,38.9,1009.6,
2022-06-22 00:00:00,21.2,18.6,29.4,6.7,,,14.2,48.2,1009.3,
2022-06-23 00:00:00,22.7,16.7,30.4,0,,,19,51.8,1009.6,
2022-06-24 00:00:00,21.2,16.9,31.2,0,,,9.3,29.6,1011.7,
2022-06-25 00:00:00,21.5,14.8,31.3,0,,,13.7,44.5,1011.1,
2022-06-26 00:00:00,23.6,20.4,31.8,0,,,10.7,35.2,1009.8,
2022-06-27 00:00:00,22.3,18,31.6,3.2,,,15.2,40.8,1013,
2022-06-28 00:00:00,21.7,16.6,30.5,0,,,11.4,33.3,1014.8,
2022-06-29 00:00:00,22.4,14.9,32.7,0,,,12.2,44.5,1012.9,
2022-06-30 00:00:00,22.1,17.7,31.7,0.5,,,12.4,33.3,1011.2,
2022-07-01 00:00:00,20.2,15.5,30.1,0,,,11,33.3,1016.4,
2022-07-02 00:00:00,21.2,14,31.7,0,,,8.8,35.2,1018.1,
2022-07-03 00:00:00,23.8,16.5,35.4,0,,,7.7,35.2,1016.8,
2022-07-04 00:00:00,24.7,17.9,36.1,0,,,9.8,33.3,1015.4,
2022-07-05 00:00:00,25.1,18.3,35.1,0,,,9.5,35.2,1017.3,
2022-07-06 00:00:00,23.3,21.7,33.6,1.8,,,9.2,27.8,1018.4,
2022-07-07 00:00:00,23.7,18.9,34,0,,,8.2,35.2,1019,
2022-07-08 00:00:00,24.1,15.5,36,0,,,8.1,37,1019.9,
2022-07-09 00:00:00,23.3,15.9,33.8,0,,,8.5,33.3,1020.1,
2022-07-10 00:00:00,23.9,15.8,35.3,0,,,10.1,33.3,1016.4,
2022-07-11 00:00:00,24.4,17.5,35.8,0,,,7.8,29.6,1014.9,
2022-07-12 00:00:00,24.9,17.6,36.1,0,,,7.7,31.5,1017.5,
2022-07-13 00:00:00,25.7,19.5,36.1,0,,,10.5,31.5,1018.7,
2022-07-14 00:00:00,26.6,19.7,36,0,,,9,31.5,1018,
2022-07-15 00:00:00,28.8,18.9,39.6,0,,,8.7,35.2,1014.7,
2022-07-16 00:00:00,28.4,20.5,38.3,0,,,8.5,33.3,1014.9,
2022-07-17 00:00:00,28.8,19.7,38.6,0,,,8.1,33.3,1016.8,
2022-07-18 00:00:00,26.5,18.7,36.5,0,,,9.1,35.2,1017.3,
2022-07-19 00:00:00,27.1,22.4,34.5,0,,,14.6,44.5,1015.5,
2022-07-20 00:00:00,26.9,19.5,36.5,0,,,9.8,31.5,1017,
2022-07-21 00:00:00,27.1,20.1,35.8,0,,,11.1,40.8,1017.6,
2022-07-22 00:00:00,28.4,19.8,39.3,0,,,13.8,44.5,1014.3,
2022-07-23 00:00:00,26.5,22.3,32.7,0,,,13.9,37,1016.8,
2022-07-24 00:00:00,28,21.5,36.1,0,,,11.5,42.6,1015.1,
2022-07-25 00:00:00,26.6,18.5,35.4,0.1,,,10.7,33.3,1014,
2022-07-26 00:00:00,25.2,20.7,33.9,0,,,12.2,35.2,1014.2,
2022-07-27 00:00:00,25.3,21,32.1,0,,,12.3,37,1012.6,
2022-07-28 00:00:00,24.9,19.4,32.5,1.6,,,11,37,1012,
2022-07-29 00:00:00,24.5,20.1,32.4,0.1,,,7.2,27.8,1014.5,
2022-07-30 00:00:00,24.8,18.5,32.9,0,,,8.2,29.6,1017.3,
2022-07-31 00:00:00,26.7,20.1,36.4,0,,,8.5,29.6,1016.7,
2022-08-01 00:00:00,27.4,18.8,37.2,0,,,10.5,38.9,1015.1,
2022-08-02 00:00:00,28.2,19.8,36.8,0,,,12.2,38.9,1014.1,
2022-08-03 00:00:00,28.6,20.7,37.4,0,,,9.3,29.6,1012.6,
2022-08-04 00:00:00,27.6,21.9,35.7,0,,,13.5,40.8,1013.2,
2022-08-05 00:00:00,24.7,19.5,35.8,9.9,,,8.6,29.6,1014.4,
2022-08-06 00:00:00,25.7,18.2,36.3,0,,,8,33.3,1015,
2022-08-07 00:00:00,26.2,20.4,36,0.1,,,8.1,33.3,1014,
2022-08-08 00:00:00,26.5,18.6,36.9,0,,,10,29.6,1014.7,
2022-08-09 00:00:00,27.3,19.1,37.7,0,,,8.5,33.3,1016.2,
2022-08-10 00:00:00,27.3,19.3,37.6,0,,,10.3,38.9,1015.2,701
2022-08-11 00:00:00,27.1,20.9,35.2,0,,,11,37,1014.2,657
2022-08-12 00:00:00,27.2,20,40.6,0.9,,,8,27.8,1011.4,682
2022-08-13 00:00:00,26.7,20.7,37.6,0.5,,,8.7,31.5,1009.8,613
2022-08-14 00:00:00,26.6,18.7,36.3,0.2,,,9.6,31.5,1007.3,603
2022-08-15 00:00:00,25.4,19.8,33.5,0.7,,,9.6,33.3,1007.3,648
2022-08-16 00:00:00,24.9,17.7,33.5,0,,,12.3,42.6,1007.2,637
2022-08-17 00:00:00,23.1,16.7,32.6,23.6,,,11.9,33.3,1007.6,367
2022-08-18 00:00:00,19.1,14.9,24.8,39.2,,,7.3,25.9,1011.8,438
2022-08-19 00:00:00,21.2,13.4,31.3,0,,,8,35.2,1016.5,726
2022-08-20 00:00:00,24.2,16.1,33.1,0,,,7.5,33.3,1016.6,708
2022-08-21 00:00:00,24.8,18.7,33.3,0.9,,,7.1,25.9,1014,522
2022-08-22 00:00:00,24.7,20.2,32.7,0,,,9.4,31.5,1012.5,577
2022-08-23 00:00:00,25.4,19.9,33.6,0,,,8,29.6,1013,629
2022-08-24 00:00:00,26.5,20.2,34.4,0,,,10.3,37,1013.1,655
2022-08-25 00:00:00,25.6,19.8,34.4,2.2,,,11.8,31.5,1013.4,463
2022-08-26 00:00:00,25.1,18.9,34.1,0,,,7,27.8,1012.8,529
2022-08-27 00:00:00,23.6,18.9,32.1,0.7,,,8.5,35.2,1011.1,561
2022-08-28 00:00:00,24.3,16.9,33.6,0,,,9.1,33.3,1012.3,686
2022-08-29 00:00:00,25.9,18.1,36.1,0,,,12.3,42.6,1013.9,632
2022-08-30 00:00:00,25.9,19.4,34.2,0.1,,,9.1,31.5,1015,553
2022-08-31 00:00:00,23.2,16.7,29.6,0.3,,,7.3,24.1,1014.7,334
2022-09-01 00:00:00,23.2,14.2,32.8,0,,,10.7,42.6,1013.2,670
2022-09-02 00:00:00,22,17.4,32.7,14.1,,,6.7,27.8,1011.1,417
2022-09-03 00:00:00,22.7,19.1,30.1,13.2,,,8.9,31.5,1011.9,434
2022-09-04 00:00:00,24.4,20.2,31.4,0,,,8.7,33.3,1015.3,527
2022-09-05 00:00:00,24.4,19.1,32.4,0,,,9.8,37,1017.3,510
2022-09-06 00:00:00,25.1,18.8,32.3,0,,,13.1,44.5,1014.3,595
2022-09-07 00:00:00,24.7,19.1,30.8,0,,,12.8,40.8,1012.3,481
2022-09-08 00:00:00,23,18.8,28.6,0,,,10.1,31.5,1013.1,446
2022-09-09 00:00:00,22.1,17.3,30,0,,,7.6,27.8,1015.9,450
2022-09-10 00:00:00,22.2,15.1,28.4,0,,,9.4,35.2,1018,568
2022-09-11 00:00:00,23.5,18.3,31.1,0,,,8.2,29.6,1015.5,543
2022-09-12 00:00:00,24.5,18,32.7,0,,,8.6,33.3,1012.1,457
2022-09-13 00:00:00,25.8,20.7,34.3,2.4,,,8,35.2,1010.2,219
2022-09-14 00:00:00,23.7,19.3,28.6,0.1,,,15.7,40.8,1007.8,148
2022-09-15 00:00:00,23.3,16.6,32.6,0.5,,,8.7,33.3,1010.2,539
2022-09-16 00:00:00,20.4,15.5,28.7,12,,,6.4,24.1,1011.3,397
2022-09-17 00:00:00,20.6,17.1,26,0,,,13.1,37,1013,399
2022-09-18 00:00:00,19.3,13.1,27.4,0,,,8.3,31.5,1016,522
2022-09-19 00:00:00,18.8,10.6,28.3,0,,,6.7,27.8,1015.2,534
2022-09-20 00:00:00,19.6,13.9,27.5,0,,,7.5,25.9,1016.7,493
2022-09-21 00:00:00,18.7,11.6,27.5,0,,,7.1,27.8,1017.4,475
2022-09-22 00:00:00,20.5,15.7,26.7,0,,,10.1,25.9,1018,383
2022-09-23 00:00:00,19.6,11.8,26.9,18,,,13.3,42.6,1016.6,355
2022-09-24 00:00:00,18.2,14.6,23,0.2,,,8.9,18.5,1012.7,100
2022-09-25 00:00:00,17,12.8,22.6,0.1,,,7.1,25.9,1012.5,376
2022-09-26 00:00:00,16.9,9.7,23.5,0,,,8.6,33.3,1011.3,454
2022-09-27 00:00:00,17.2,10.3,23.6,0,,,8.5,29.6,1009.8,350
2022-09-28 00:00:00,18.7,12.9,26.3,0.1,,,5.9,18.5,1007.2,353
2022-09-29 00:00:00,15.5,12.7,19.5,7.4,,,7.5,25.9,1003.3,106
2022-09-30 00:00:00,15.1,10.2,22.4,1.4,,,8.8,29.6,1009.6,392
2022-10-01 00:00:00,16.5,8.3,25.5,0,,,4.9,29.6,1021.9,435
2022-10-02 00:00:00,18.9,10.2,28.6,0,,,6.4,27.8,1024.3,521
2022-10-03 00:00:00,18.9,12.7,26.2,0,,,6.9,31.5,1020.8,431
2022-10-04 00:00:00,19.1,13.1,28,0,,,6.4,27.8,1020.2,457
2022-10-05 00:00:00,18.3,10.9,26,0,,,5.6,27.8,1023.5,423
2022-10-06 00:00:00,19.8,13.9,26,0,,,10.3,33.3,1026.2,357
2022-10-07 00:00:00,17.5,13.6,20.8,37.6,,,7.7,25.9,1022.8,152
2022-10-08 00:00:00,17,13.4,19.6,1.9,,,7.9,24.1,1019.1,66
2022-10-09 00:00:00,17.5,12.4,24.1,0,,,5.2,22.2,1017.3,331
2022-10-10 00:00:00,19.1,13.5,24.7,0,,,4.9,20.4,1017.6,271
2022-10-11 00:00:00,18.5,15.1,21.3,0,,,9.8,27.8,1019.4,164
2022-10-12 00:00:00,18.2,12.5,25,0,,,10.2,27.8,1020,327
2022-10-13 00:00:00,18.4,10.9,26.2,0,,,4,20.4,1021,315
2022-10-14 00:00:00,19.6,15,25.9,0,,,5.6,22.2,1019.5,289
2022-10-15 00:00:00,19.9,13.6,26.6,0,,,11.8,37,1015.2,455
2022-10-16 00:00:00,20.6,14.2,26.6,0,,,10.7,37,1016.9,396
2022-10-17 00:00:00,20.7,15.8,25.5,0.1,,,6,25.9,1023.6,191
2022-10-18 00:00:00,20.1,15.7,26.6,0,,,6.6,27.8,1025.1,263
2022-10-19 00:00:00,20.3,16,26,0,,,7.5,29.6,1019.7,126
2022-10-20 00:00:00,21.6,19.2,25.3,0,,,8.8,37,1016.1,138
2022-10-21 00:00:00,21.1,16.3,27.7,0,,,13.3,48.2,1013,259
2022-10-22 00:00:00,18.6,12.3,27.7,0,,,9.4,35.2,1014.9,329
2022-10-23 00:00:00,19.3,13.2,27.7,0,,,8.1,31.5,1014.8,269
2022-10-24 00:00:00,20.3,13.8,28.7,0,,,8,40.8,1015.3,340
2022-10-25 00:00:00,19.6,13.7,27.4,0,,,7,27.8,1016.8,375
2022-10-26 00:00:00,19.2,13.2,27.5,0.1,,,5.7,24.1,1018.5,344
2022-10-27 00:00:00,19.2,14.8,25.4,0.2,,,6,18.5,1023.6,397
2022-10-28 00:00:00,17.5,13,25.8,0.1,,,5.4,22.2,1025.2,318
2022-10-29 00:00:00,16.9,9.8,24.8,0,,,3.1,18.5,1023.2,341
2022-10-30 00:00:00,16.7,9,23.8,0,,,7.8,29.6,1020.4,166
2022-10-31 00:00:00,17.8,10.5,24.8,0,,,12.5,37,1019,260
2022-11-01 00:00:00,18.7,11.3,24.5,0,,,8.6,31.5,1020.9,348
2022-11-02 00:00:00,16,10.1,23.8,0,,,7.7,31.5,1023.2,385
2022-11-03 00:00:00,16.9,11.5,22,0,,,11.5,40.8,1014.7,74
2022-11-04 00:00:00,14,8.2,19.6,4.7,,,7,18.5,1012.8,329
2022-11-05 00:00:00,10.7,2.6,20,0,,,6.5,24.1,1018,512
2022-11-06 00:00:00,11.3,3,22,0,,,4.8,20.4,1017.3,525
2022-11-07 00:00:00,13.2,4,22.4,0,,,10.8,35.2,1018.7,484
2022-11-08 00:00:00,17,12.1,23.2,0,,,17.4,42.6,1014.5,382
2022-11-09 00:00:00,16.4,11,22.1,6,,,7.4,24.1,1014.9,274
2022-11-10 00:00:00,14.5,10,20.6,0,,,6.9,18.5,1023.3,362
2022-11-11 00:00:00,15.6,8.8,21.2,0,,,9.1,29.6,1028.5,394
2022-11-12 00:00:00,17.2,11.9,22.3,0.1,,,6.4,20.4,1027.3,371
2022-11-13 00:00:00,14.2,10.4,21.7,0,,,4.1,18.5,1020.3,345
2022-11-14 00:00:00,15.9,10.1,22.4,0,,,7.8,29.6,1015.7,287
2022-11-15 00:00:00,17.9,11.8,22.4,0,,,11.7,44.5,1008.8,275
2022-11-16 00:00:00,15.7,11.1,20.6,0,,,9.3,27.8,1005.5,355
2022-11-17 00:00:00,14.6,10.2,20.1,0,,,6.1,22.2,1003.4,397
2022-11-18 00:00:00,11.6,8,15.1,2.2,,,4.5,18.5,1008.1,95
2022-11-19 00:00:00,10.5,5,16.5,0,,,3.6,18.5,1010.5,369
2022-11-20 00:00:00,8.1,1,16.4,0,,,4.1,20.4,1016.8,462
2022-11-21 00:00:00,10.1,5.2,15.1,14.4,,,5.8,20.4,1009.3,138
2022-11-22 00:00:00,10.2,4.1,14.8,0,,,7.2,27.8,1005.9,449
2022-11-23 00:00:00,11.3,3.6,19.5,0,,,5.4,27.8,1007.7,316
2022-11-24 00:00:00,12.9,8,18.7,0.3,,,10.8,37,1016.5,266
2022-11-25 00:00:00,11.4,4.1,18.5,7.3,,,6.1,18.5,1019.2,338
2022-11-26 00:00:00,7.3,1.7,14.8,0,,,2.7,16.7,1026.8,438
2022-11-27 00:00:00,9,0.9,16.9,0,,,9.3,31.5,1023.3,395
2022-11-28 00:00:00,10.1,3.5,13.8,0.1,,,5.7,24.1,1014.6,150
2022-11-29 00:00:00,7.4,1.9,14.4,0,,,4,16.7,1016.6,363
2022-11-30 00:00:00,7.6,0.6,15.2,0,,,3.1,20.4,1016.6,452
2022-12-01 00:00:00,7.5,1.3,13.7,0,,,9.2,33.3,1016.8,451
2022-12-02 00:00:00,7.1,2.1,10.8,0,,,10.1,24.1,1015.2,308
2022-12-03 00:00:00,6.7,0.5,14.8,1.1,,,5.3,20.4,1008,413
2022-12-04 00:00:00,8.1,2.2,13.9,0,,,4.5,22.2,1009.9,341
2022-12-05 00:00:00,7.4,-0.9,15.2,0,,,3.6,18.5,1017.1,416
2022-12-06 00:00:00,9.7,4.6,16.9,0,,,3,16.7,1015.1,355
2022-12-07 00:00:00,8.6,1.3,15.9,0,,,2.6,18.5,1013.4,326
2022-12-08 00:00:00,11.8,8.8,13,1.8,,,8.9,25.9,1006.7,179
2022-12-09 00:00:00,14,8.9,20.5,0.8,,,9.7,27.8,998.2,396
2022-12-10 00:00:00,10.1,5.3,12.7,0,,,6.9,20.4,1003.3,248
2022-12-11 00:00:00,6.1,1.6,11,0,,,4.3,20.4,1007.2,209
2022-12-12 00:00:00,7.6,3.9,11,2.6,,,3.8,18.5,1006.5,149
2022-12-13 00:00:00,8.3,3.4,10.8,6.8,,,5.6,22.2,1002.7,227
2022-12-14 00:00:00,11.8,9.3,15,2.2,,,6,20.4,1002.1,269
2022-12-15 00:00:00,12.7,7.3,19.1,11.9,,,5.4,20.4,997,218
2022-12-16 00:00:00,10.9,5.4,16,0,,,4.4,16.7,1005.4,162
2022-12-17 00:00:00,10.6,5.9,14,0,,,6.5,20.4,1017.3,291
2022-12-18 00:00:00,9.4,2.2,16.1,0,,,9.5,35.2,1025.9,399
2022-12-19 00:00:00,13.6,9.7,17.5,0,,,24.6,44.5,1026,317
2022-12-20 00:00:00,13.7,10,18,0.1,,,22.6,38.9,1021,295
2022-12-21 00:00:00,12.4,5.8,18.6,0,,,5.5,29.6,1019.1,383
2022-12-22 00:00:00,10.2,4,17.7,0,,,1.5,14.8,1021.7,365
2022-12-23 00:00:00,13,6.1,21.2,0,,,5.4,16.7,1019.7,400
2022-12-24 00:00:00,12.2,6.1,20.4,0,,,2.4,18.5,1018.5,394
2022-12-25 00:00:00,12.3,4.9,23.5,0,,,5.6,20.4,1017.8,426
2022-12-26 00:00:00,11.3,5.1,18.4,0,,,3.5,24.1,1024.3,376
2022-12-27 00:00:00,9.4,2.5,18.7,0,,,3.4,20.4,1028.9,453
2022-12-28 00:00:00,9.6,1.9,19.3,0,,,8.6,29.6,1023.5,430
2022-12-29 00:00:00,10.7,4.1,17.9,0,,,3.4,24.1,1018.9,349
2022-12-30 00:00:00,12.4,6.5,18.3,0,,,6.4,24.1,1019.1,336
2022-12-31 00:00:00,11.6,4.6,21.6,0,,,5.1,24.1,1023.1,399
2023-01-01 00:00:00,10.3,4.8,16.8,0,,,6.8,27.8,1024.8,369
2023-01-02 00:00:00,11.7,5.2,16.4,0,,,4.5,18.5,1024.1,287
2023-01-03 00:00:00,11.4,5.5,17.4,0,,,3.5,14.8,1028.5,317
2023-01-04 00:00:00,8.6,1.3,17.3,0,,,2.2,16.7,1031.9,456
2023-01-05 00:00:00,7.6,0.1,17.2,0,,,1.9,16.7,1028.1,492
2023-01-06 00:00:00,6.7,-0.9,16.2,0,,,1.4,18.5,1024.4,466
2023-01-07 00:00:00,7.6,-1,18.5,0,,,8.1,31.5,1018.7,442
2023-01-08 00:00:00,13.7,5.5,18.5,0,,,13.9,38.9,1011,300
2023-01-09 00:00:00,11.4,3.2,16.6,0,,,6.8,27.8,1015.3,293
2023-01-10 00:00:00,7.8,1.7,15.3,0,,,6.7,25.9,1026.1,440
2023-01-11 00:00:00,6.8,0.3,13.4,0,,,3.7,13,1024,356
2023-01-12 00:00:00,7.1,0.8,15.5,0,,,3.5,18.5,1026.6,444
2023-01-13 00:00:00,7.3,1.1,16.4,0,,,5.6,20.4,1024.8,443
2023-01-14 00:00:00,7.7,-0.8,19.6,0,,,2.5,20.4,1022.8,431
2023-01-15 00:00:00,9,4.6,15.8,8.6,,,8.4,20.4,1016,312
2023-01-16 00:00:00,8.8,3.5,14.2,0,,,10.4,35.2,1004.9,355
2023-01-17 00:00:00,11.1,3.7,15,0,,,11.7,37,990.8,387
2023-01-18 00:00:00,6.2,0.5,11.2,0,,,7.1,24.1,999,422
2023-01-19 00:00:00,5.2,-3.9,13.3,0,,,8.5,40.8,1008.9,435
2023-01-20 00:00:00,6.1,-1.1,13.2,0,,,12.5,38.9,1012.9,498
2023-01-21 00:00:00,5.2,-1.4,10.8,0,,,15.3,38.9,1017,506
2023-01-22 00:00:00,3.2,-3.8,12,0,,,12.4,37,1019.5,469
2023-01-23 00:00:00,1.6,-6.7,9.7,0,,,6.2,27.8,1020.8,468
2023-01-24 00:00:00,4.1,-2,7.2,1.5,,,9.9,37,1024.9,169
2023-01-25 00:00:00,7.6,-1.6,15.3,0,,,10.8,33.3,1022.8,515
2023-01-26 00:00:00,2.9,-4.2,11.3,0,,,4.1,20.4,1016,492
2023-01-27 00:00:00,3,-4.5,10.9,0,,,4.9,25.9,1013.5,428
2023-01-28 00:00:00,3.2,-3.4,8.6,0,,,12.7,33.3,1018.3,397
2023-01-29 00:00:00,3.7,-3.1,10.8,0,,,8.5,24.1,1024.8,552
2023-01-30 00:00:00,2.8,-6.2,13.1,0,,,2.1,16.7,1026.2,511
2023-01-31 00:00:00,5.2,-4.4,16,0,,,5.6,20.4,1026.1,547
2023-02-01 00:00:00,5.4,-3.5,16.8,0,,,4.5,20.4,1027.4,546
2023-02-02 00:00:00,5.7,-4,19,0,,,2.9,14.8,1028.1,558
2023-02-03 00:00:00,6.4,-3,19.9,0,,,3.4,20.4,1029.5,553
2023-02-04 00:00:00,9.7,-3.1,25.2,0,,,5.4,25.9,1026.1,552
2023-02-05 00:00:00,8.8,-0.8,19.2,0,,,6.8,25.9,1029.4,558
2023-02-06 00:00:00,6.9,2.6,7.8,6.2,,,21,48.2,1027.9,227
2023-02-07 00:00:00,7.2,3.6,8.2,24.4,,,16.4,37,1026.3,52
2023-02-08 00:00:00,6.9,4.4,8.6,2.3,,,10.6,33.3,1029.4,349
2023-02-09 00:00:00,6.1,1.3,10.7,0,,,6.9,20.4,1032.8,391
2023-02-10 00:00:00,5.1,-1.8,13.5,0,,,3.7,24.1,1036.5,582
2023-02-11 00:00:00,4.7,-3.3,14.4,0,,,3.3,24.1,1035.2,586
2023-02-12 00:00:00,4.8,-3.8,14.8,0,,,4.3,25.9,1033.7,574
2023-02-13 00:00:00,5.4,-3.3,15.6,0,,,4.1,24.1,1034.8,586
2023-02-14 00:00:00,6,-2.7,15.1,0,,,7.5,33.3,1033,577
2023-02-15 00:00:00,7.3,-0.8,16.2,0,,,6.5,27.8,1029.2,499
2023-02-16 00:00:00,6.8,-0.5,15.2,0,,,3.3,20.4,1030.4,459
2023-02-17 00:00:00,8.1,-2.1,20.8,0,,,4,27.8,1031.4,602
2023-02-18 00:00:00,9.6,0.6,21.3,0,,,3.7,27.8,1029.5,614
2023-02-19 00:00:00,10.6,0.5,22.1,0,,,4,25.9,1026.5,599
2023-02-20 00:00:00,10.1,1.2,19.6,0,,,6.3,22.2,1025.5,604
2023-02-21 00:00:00,11.4,3.8,20.2,0,,,6.4,22.2,1019.8,510
2023-02-22 00:00:00,11.9,5.3,18.3,0.1,,,4.1,20.4,1016.8,444
2023-02-23 00:00:00,11,5.8,15.2,5.3,,,6.9,29.6,1011.6,269
2023-02-24 00:00:00,11.4,6.1,17.3,0.1,1,,8,22.2,1007.2,396
2023-02-25 00:00:00,9.3,5.6,11.1,5.1,,,3,16.7,1003.3,228
2023-02-26 00:00:00,7.8,2.7,13.2,2.3,,,9.2,44.5,1002,350
2023-02-27 00:00:00,5,0.2,6.9,0.2,,,16.8,46.3,1009.2,483
2023-02-28 00:00:00,8.4,1,12.9,0,,,29,63,1013.3,368
2023-03-01 00:00:00,6.1,-0.9,13.2,0,,,9.4,27.8,1015.3,509
2023-03-02 00:00:00,6.5,0.6,11.8,0.2,,,7.4,24.1,1015.9,365
2023-03-03 00:00:00,8.8,-2.8,16.4,0,,,5.8,31.5,1017.3,605
2023-03-04 00:00:00,6.7,-2.4,15.8,0,,,4.8,25.9,1019.5,586
2023-03-05 00:00:00,7.7,-2.1,17,0,,,3.9,31.5,1014.7,606
2023-03-06 00:00:00,7.2,0,15.7,0,,,9.9,38.9,1009.3,548
2023-03-07 00:00:00,10.3,1,20.1,0,,,9.5,37,1006.4,455
2023-03-08 00:00:00,14.7,6.7,23.6,0,,,13,40.8,1006.7,426
2023-03-09 00:00:00,15.9,10.3,22.7,0,,,14.2,42.6,1007.7,265
2023-03-10 00:00:00,13.5,5.8,22.9,0,,,6.4,29.6,1010.6,422
2023-03-11 00:00:00,14.7,5.9,26.4,0,,,8.4,25.9,1010.8,445
2023-03-12 00:00:00,13.7,7.3,23.2,0,,,9.7,27.8,1017,449
2023-03-13 00:00:00,15.7,7.5,24.7,0,,,20.8,50,1011.1,390
2023-03-14 00:00:00,12.1,5.5,20.1,0,,,9.8,33.3,1012.7,445
2023-03-15 00:00:00,9.9,3.1,19.7,0,,,6.5,27.8,1017.7,421
2023-03-16 00:00:00,10.7,2.6,19.3,0,,,11,40.8,1016.2,502
2023-03-17 00:00:00,10.7,4.1,18,0,,,9.9,38.9,1015.9,330
2023-03-18 00:00:00,12.7,9.9,18.9,0.1,,,6,25.9,1013.9,232
2023-03-19 00:00:00,12.2,9.5,19.7,3.7,,,5.3,24.1,1019.3,380
2023-03-20 00:00:00,11,6.3,15.4,0,,,6.5,25.9,1020.5,421
2023-03-21 00:00:00,11.1,3.9,20,0,,,5.3,24.1,1017.8,414
2023-03-22 00:00:00,12.2,5.2,21.9,0,,,6.6,33.3,1015.2,549
2023-03-23 00:00:00,13.4,8.6,20.3,0,,,12.1,37,1013.7,391
2023-03-24 00:00:00,15.1,8.8,20.3,0,,,11.2,27.8,1014.1,389
2023-03-25 00:00:00,12.4,7,21.2,0,,,13.6,46.3,1019.4,321
2023-03-26 00:00:00,13.4,6.8,21.5,0,,,10.9,35.2,1013.3,495
2023-03-27 00:00:00,11.4,3.7,20.2,0,,,10.2,35.2,1018.7,530
2023-03-28 00:00:00,12.5,8.3,18.2,0,,,11.4,37,1024.1,429
2023-03-29 00:00:00,13.4,4.5,23.5,0,,,10.9,40.8,1021.7,577
2023-03-30 00:00:00,14.1,9.1,21.1,0,,,12,33.3,1019.4,510
2023-03-31 00:00:00,14.9,10.1,23.8,0,,,12.2,31.5,1014.8,371
2023-04-01 00:00:00,11.8,5.7,19.6,2.6,,,9,31.5,1015.2,211
2023-04-02 00:00:00,10.8,2.5,20.7,0,,,8.3,37,1014.8,642
2023-04-03 00:00:00,12.3,6,20.5,0,,,10,38.9,1015.1,631
2023-04-04 00:00:00,10.4,2.6,18.7,0,,,6.8,40.8,1013.8,645
2023-04-05 00:00:00,9.9,0.8,20,0,,,7,31.5,1017.8,615
2023-04-06 00:00:00,10.4,2.2,20.2,0,,,6.9,37,1019.1,485
2023-04-07 00:00:00,12.2,3,22.6,0,,,5.8,29.6,1016.1,594
2023-04-08 00:00:00,12.6,5,20.2,0,,,10.1,37,1017.2,611
2023-04-09 00:00:00,11.3,2.9,21.4,0,,,7.3,33.3,1019.4,536
2023-04-10 00:00:00,14.2,6.6,24.7,0,,,5.5,29.6,1020.6,437
2023-04-11 00:00:00,13.3,5.3,23.2,0,,,8.5,37,1019.6,478
2023-04-12 00:00:00,14.3,6.8,25.3,0,,,9.3,31.5,1009.8,500
2023-04-13 00:00:00,10.9,5.1,17.8,0.1,,,8.7,33.3,1011.6,337
2023-04-14 00:00:00,10.8,2.9,19.8,0.1,,,9.3,35.2,1012,342
2023-04-15 00:00:00,13.1,5,21.4,0,,,8.8,31.5,1012.5,471
2023-04-16 00:00:00,12.9,2.8,23.3,0,,,10.6,37,1016.7,663
2023-04-17 00:00:00,12.2,2.3,21.6,1.9,,,10.3,35.2,1015.4,617
2023-04-18 00:00:00,12.2,7.1,17.8,2.3,,,6.6,24.1,1014.8,402
2023-04-19 00:00:00,12.5,4.6,21.6,0,,,10.9,38.9,1014.5,644
2023-04-20 00:00:00,13.4,5.1,24.8,1.3,,,7.7,35.2,1008.9,601
2023-04-21 00:00:00,15.3,6.8,24.3,0,,,15.4,48.2,1007.5,450
2023-04-22 00:00:00,16.6,11.1,25,0,,,16.5,42.6,1010.5,326
2023-04-23 00:00:00,15.7,7.8,25.3,2,,,11.1,37,1011.9,453
2023-04-24 00:00:00,14.8,10,21.8,0,,,8.7,33.3,1015,332
2023-04-25 00:00:00,15.6,9.5,24.5,2.4,,,5.6,29.6,1013.7,321
2023-04-26 00:00:00,16.7,11.4,24.8,0.9,,,9,37,1015.3,245
2023-04-27 00:00:00,17.7,11.8,27.4,0.4,,,7.5,38.9,1015.7,372
2023-04-28 00:00:00,17.9,10.4,26.7,0,,,12,38.9,1016,431
2023-04-29 00:00:00,19.8,14.7,28.3,2.1,,,15.4,37,1012.3,352
2023-04-30 00:00:00,17.8,14.5,27.4,7.3,,,6.7,31.5,1014.1,328
2023-05-01 00:00:00,16.2,10.6,23.7,1.1,,,8.4,37,1015.6,505
2023-05-02 00:00:00,16.1,7.8,27.3,0,,,6.7,35.2,1016.7,752
2023-05-03 00:00:00,16.9,7.9,26.3,0,,,11.8,40.8,1016.9,679
2023-05-04 00:00:00,19.3,12.3,27.2,0,,,21.8,46.3,1017.4,614
2023-05-05 00:00:00,18.1,9.6,27.3,0,,,10.3,40.8,1017.4,612
2023-05-06 00:00:00,17.9,10.8,27,0,,,9.9,38.9,1014.9,629
2023-05-07 00:00:00,17.6,12.8,26.7,9.4,,,9.4,35.2,1017.1,346
2023-05-08 00:00:00,17.9,10.4,27.5,0,,,6.9,35.2,1019.3,671
2023-05-09 00:00:00,17.9,11.6,28.5,4.1,,,8,27.8,1017.4,344
2023-05-10 00:00:00,15.9,11.2,23.6,0.4,,,10.7,42.6,1016.9,599
2023-05-11 00:00:00,13.4,10.8,18.6,19.9,,,8.8,27.8,1016.1,341
2023-05-12 00:00:00,11.5,7.9,19.3,23.7,,,4.8,25.9,1014.7,401
2023-05-13 00:00:00,13.1,6.9,20.7,1.9,,,5.9,31.5,1015.9,449
2023-05-14 00:00:00,15.6,10.1,22.5,1.9,,,6.8,27.8,1015,475
2023-05-15 00:00:00,16.4,8.7,25.1,0,,,7.3,37,1012.4,706
2023-05-16 00:00:00,16.6,9.4,24.5,0,,,9.7,35.2,1010.6,567
2023-05-17 00:00:00,15.6,6.4,24.1,0,,,12.7,38.9,1013.9,777
2023-05-18 00:00:00,15.1,8.4,22.4,0.4,,,8.8,35.2,1016.3,683
2023-05-19 00:00:00,13.9,8.4,21,2.2,,,10.4,40.8,1015.6,576
2023-05-20 00:00:00,16.1,9.9,22.2,0,,,6.9,31.5,1012.1,421
2023-05-21 00:00:00,15.4,11.4,20,1.7,,,6.4,27.8,1011.9,168
2023-05-22 00:00:00,18.1,14.6,24.4,1.3,,,9.1,37,1012.2,343
2023-05-23 00:00:00,19.7,13.7,26.8,0,,,12.3,40.8,1012.8,568
2023-05-24 00:00:00,18.3,12.5,28.3,12,,,9.1,35.2,1013.1,676
2023-05-25 00:00:00,15.4,11.9,20.1,3.7,,,4.2,25.9,1015.8,158
2023-05-26 00:00:00,17.7,10.4,26,0,,,8.6,35.2,1019,701
2023-05-27 00:00:00,19.8,11.4,30.1,0,,,8,37,1016.2,795
2023-05-28 00:00:00,19.6,11.4,28.1,0,,,8.1,35.2,1012.5,769
2023-05-29 00:00:00,19.7,11.1,27.7,0,,,8.6,29.6,1012.2,744
2023-05-30 00:00:00,20,13.3,28.3,0,,,7.2,29.6,1014,768
2023-05-31 00:00:00,17.8,13.3,22.5,2.3,,,7.3,27.8,1014.3,485
2023-06-01 00:00:00,19,16,25.8,3.1,,,6.4,29.6,1014.4,394
2023-06-02 00:00:00,18.3,11,27,0.4,,,6.6,31.5,1013,667
2023-06-03 00:00:00,18.5,12.4,26,0,,,8.4,25.9,1013.4,527
2023-06-04 00:00:00,18.6,13.6,24.5,3.7,,,6.7,29.6,1014.3,563
2023-06-05 00:00:00,19.3,13.1,27.3,2.4,,,6.8,29.6,1014.5,614
2023-06-06 00:00:00,18.8,13,27.9,3.9,,,5.8,29.6,1014.5,520
2023-06-07 00:00:00,19.9,13.2,26,0,,,14.9,40.8,1013.7,511
2023-06-08 00:00:00,20.6,15.1,27.7,0,,,14.4,40.8,1011.4,598
2023-06-09 00:00:00,22.6,18,29.4,0.6,,,21,50,1008.5,475
2023-06-10 00:00:00,21.3,15,30.2,0.2,,,6.3,29.6,1011.7,635
2023-06-11 00:00:00,21.6,15.2,30.4,4.1,,,6.1,25.9,1012.5,535
2023-06-12 00:00:00,22.9,16.7,29.3,0,,,8.9,29.6,1010.6,610
2023-06-13 00:00:00,19.6,15.9,27.6,34.6,,,6.6,25.9,1007.9,435
2023-06-14 00:00:00,21,15.9,29.6,0,,,6.9,25.9,1010,558
2023-06-15 00:00:00,21.8,14.3,30.9,0,,,7.2,31.5,1015.5,763
2023-06-16 00:00:00,22.7,14,31.4,0,,,9,37,1015.9,731
2023-06-17 00:00:00,23.8,15.7,32.8,0,,,7.4,33.3,1013.4,710
2023-06-18 00:00:00,23.4,17.1,30.2,0,,,11.8,48.2,1012.7,614
2023-06-19 00:00:00,22.3,15.5,29.2,0.1,,,10.1,35.2,1012.6,495
2023-06-20 00:00:00,24.2,18.2,32.6,0,,,8.1,29.6,1010.6,454
2023-06-21 00:00:00,24.4,21,28.7,0,,,16.7,38.9,1012.7,477
2023-06-22 00:00:00,23.2,19.5,29.3,17.2,,,7.3,27.8,1015.5,541
2023-06-23 00:00:00,24.3,18.9,31.6,0,,,7.8,31.5,1021,739
2023-06-24 00:00:00,24.6,18.2,32.3,0,,,6.9,31.5,1017.8,830
2023-06-25 00:00:00,25.3,16.2,33.9,0,,,7.5,35.2,1016,824
2023-06-26 00:00:00,26.9,19.8,35.1,0,,,8.9,35.2,1016.7,734
2023-06-27 00:00:00,25.1,19.1,32.7,0,,,8.4,29.6,1016.3,715
2023-06-28 00:00:00,25.2,19.3,33.5,0,,,9.1,27.8,1014.7,530
2023-06-29 00:00:00,24.2,18.4,32.1,8,,,7.3,27.8,1014.7,559
2023-06-30 00:00:00,21.4,17.9,28.4,1.2,,,11.1,33.3,1015.3,403
2023-07-01 00:00:00,22.3,15.1,29.4,0,,,7.3,22.2,1014.7,584
2023-07-02 00:00:00,22.8,16.4,29.6,0,,,9.4,31.5,1015.2,628
2023-07-03 00:00:00,23.6,19.9,29.8,2.7,,,9.5,35.2,1015.8,484
2023-07-04 00:00:00,23,17.8,29.9,0.2,,,5.9,29.6,1015.5,500
2023-07-05 00:00:00,22.8,18.4,29.3,0.2,,,11.6,31.5,1016.4,437
2023-07-06 00:00:00,22.6,18.1,32.1,0.3,,,9,27.8,1014.9,401
2023-07-07 00:00:00,24.3,17.5,33.7,0.1,,,7.5,33.3,1014.9,635
2023-07-08 00:00:00,26.5,19.8,35.6,0,,,12.6,35.2,1015.5,787
2023-07-09 00:00:00,26.6,19.2,36.7,0,,,8.8,35.2,1017.5,789
2023-07-10 00:00:00,27.4,21.3,36.4,0,,,7.6,38.9,1018.7,800
2023-07-11 00:00:00,27.4,22.1,34.6,0,,,12.5,42.6,1014.2,715
2023-07-12 00:00:00,27.3,23.1,35.3,0,,,10.4,37,1013,637
2023-07-13 00:00:00,25.7,20,32.4,0,,,10.8,31.5,1016.4,648
2023-07-14 00:00:00,26.3,19.3,34.7,0,,,18.1,53.7,1014,798
2023-07-15 00:00:00,27.2,21,34,0,,,19.6,51.8,1011.1,769
2023-07-16 00:00:00,25.3,19.8,33.8,0,,,12.1,35.2,1014.6,749
2023-07-17 00:00:00,26.1,19.8,33.9,0,,,8.8,40.8,1017.1,736
2023-07-18 00:00:00,28.6,18.9,40.3,0,,,16,55.5,1015.1,804
2023-07-19 00:00:00,28.2,22.2,37.8,0,,,10.2,35.2,1013.8,739
2023-07-20 00:00:00,26.2,20.1,33.9,0,,,12.2,42.6,1011.5,787
2023-07-21 00:00:00,25.7,20.1,33.7,0,,,11.1,29.6,1011,570
2023-07-22 00:00:00,24.8,19.1,32.7,0,,,11.9,38.9,1015.5,679
2023-07-23 00:00:00,25.7,18,34.1,0,,,18.2,53.7,1013.3,712
2023-07-24 00:00:00,26.1,21.3,34,0,,,11.3,33.3,1007.8,518
2023-07-25 00:00:00,22.6,18.6,31,7.7,,,12.3,37,1010.6,543
2023-07-26 00:00:00,21.9,16.8,28.8,0,,,10.5,37,1015.8,499
2023-07-27 00:00:00,24.3,16.3,34.4,0,,,16.1,50,1013.3,688
2023-07-28 00:00:00,24.9,17.1,33.4,0,,,13.6,40.8,1012.8,715
2023-07-29 00:00:00,26.6,19.6,34.4,0,,,13.9,46.3,1011.7,748
2023-07-30 00:00:00,26.3,21,34.5,0,,,9.9,35.2,1015.7,541
2023-07-31 00:00:00,24.7,18.6,33.2,0,,,10.9,37,1015.3,684
2023-08-01 00:00:00,25.3,21.4,32.2,0,,,9.6,29.6,1011.5,434
2023-08-02 00:00:00,27.4,19.9,36.6,0,,,15.1,50,1008.4,675
2023-08-03 00:00:00,23,18.3,29.3,0.2,,,10.4,29.6,1010.4,394
2023-08-04 00:00:00,22,15.5,29.9,0,,,10.5,37,1013.9,701
2023-08-05 00:00:00,22.3,14.5,30.4,0,,,12,35.2,1015.5,772
2023-08-06 00:00:00,21.7,16.1,30.5,0.1,,,8.8,29.6,1015.9,600
2023-08-07 00:00:00,21.8,17.2,29.5,0,,,13.9,37,1018.3,653
2023-08-08 00:00:00,23.2,15.5,32,0,,,9.8,35.2,1016.8,680
2023-08-09 00:00:00,25.9,19.3,34.3,0,,,10.2,37,1016.2,761
2023-08-10 00:00:00,27.1,21.1,36.3,0,,,7.8,37,1016,678
2023-08-11 00:00:00,26.6,18.8,36.8,0,,,8,33.3,1019.1,768
2023-08-12 00:00:00,25.4,19.8,35,0,,,7.5,27.8,1018.5,716
2023-08-13 00:00:00,25.6,19.1,34.1,0,,,12.9,37,1016.3,706
2023-08-14 00:00:00,26.6,18.7,34.6,0,,,19.3,50,1014,720
2023-08-15 00:00:00,26.3,18.3,35.9,0,,,12.7,44.5,1014.8,743
2023-08-16 00:00:00,24.9,17.5,34.7,0,,,6.6,35.2,1014.8,650
2023-08-17 00:00:00,25.9,21.1,36.2,0,,,10.7,37,1013.6,658
2023-08-18 00:00:00,26,19.9,35.5,0,,,10.8,33.3,1012.3,671
2023-08-19 00:00:00,26.9,22,35.7,0,,,7.8,31.5,1015,569
2023-08-20 00:00:00,29.1,21.6,39.3,0,,,6.3,29.6,1017.1,727
2023-08-21 00:00:00,30.2,22.3,41,0,,,6,31.5,1017.5,700
2023-08-22 00:00:00,29.4,21.5,40.7,0,,,6.4,33.3,1016.4,696
2023-08-23 00:00:00,30.7,23.7,42.5,0,,,5.6,37,1013.9,691
2023-08-24 00:00:00,28.9,21.7,38.7,0,,,12.1,40.8,1013,710
2023-08-25 00:00:00,28.2,21,35.7,0,,,12.3,44.5,1011.9,677
2023-08-26 00:00:00,25.1,20.6,32.7,7.6,,,8.5,27.8,1011.8,384
2023-08-27 00:00:00,16.8,13.3,21.1,17.6,,,11.9,33.3,1009.5,43
2023-08-28 00:00:00,18.8,12.4,28.1,0,,,5.4,29.6,1010.7,490
2023-08-29 00:00:00,19.9,11.5,28.6,0,,,9.2,29.6,1010.4,625
2023-08-30 00:00:00,20.8,16,27.2,0,,,9.2,33.3,1010.8,548
2023-08-31 00:00:00,21.6,16.6,27.2,0,,,10.3,31.5,1015.5,488
2023-09-01 00:00:00,22.6,14.5,31.1,0,,,15.8,48.2,1015.7,530
2023-09-02 00:00:00,22.5,18.5,27.9,0,,,9.9,37,1016.5,285
2023-09-03 00:00:00,22.9,18.4,29.2,0,,,16,42.6,1019.5,472
2023-09-04 00:00:00,24.8,18.5,33.1,0,,,12.9,33.3,1017.5,639
2023-09-05 00:00:00,24.2,17.2,33.5,0,,,10.3,35.2,1016.7,637
2023-09-06 00:00:00,23.5,16.5,31.5,0,,,7.2,31.5,1018,578
2023-09-07 00:00:00,22,12.1,32.4,0,,,4.4,31.5,1017.7,578
2023-09-08 00:00:00,21.3,12.2,32.6,0,,,5.8,27.8,1017.2,539
2023-09-09 00:00:00,20.7,11.9,31.4,0,,,6.4,31.5,1016.8,564
2023-09-10 00:00:00,21.9,14.5,32.1,0,,,6.5,29.6,1016.9,477
2023-09-11 00:00:00,22.9,15.6,31.3,0,,,12.2,38.9,1014.1,340
2023-09-12 00:00:00,23.1,17.6,31.2,0,,,7.7,27.8,1013.3,190
2023-09-13 00:00:00,22.8,16.6,31.3,0,,,7.3,24.1,1016.7,315
2023-09-14 00:00:00,21.8,15.6,30.5,0,,,8.5,33.3,1017.4,415
2023-09-15 00:00:00,20.6,16,28.9,37.1,,,9,37,1013.9,158
2023-09-16 00:00:00,22.3,17.3,29.3,0,,,8.9,38.9,1011.6,
2023-09-17 00:00:00,23.4,17.8,31.1,0,,,4.2,24.1,1011.5,
2023-09-18 00:00:00,25.2,18.9,31.7,0,,,13.5,46.3,1011.9,
2023-09-19 00:00:00,20.6,15,28.3,3.4,,,8.7,37,1017.2,
2023-09-20 00:00:00,20.2,17.9,23.1,1.1,,,6.6,27.8,1011.5,
2023-09-21 00:00:00,21.4,15.1,29.4,0.6,,,11.5,46.3,1004.7,
2023-09-22 00:00:00,18.6,14.5,24.5,10.2,,,9.9,35.2,1008.8,
2023-09-23 00:00:00,17.2,11.7,24.3,0.4,,,7.9,22.2,1017.5,
2023-09-24 00:00:00,18.1,11.5,25.7,0,,,8,31.5,1020.8,
2023-09-25 00:00:00,18.8,11.4,28.2,0,,,5.9,24.1,1020.4,
2023-09-26 00:00:00,18.9,11.5,27.5,0,,,7,29.6,1019.9,
2023-09-27 00:00:00,20.6,13,29.2,0,,,8.3,35.2,1018.3,446
2023-09-28 00:00:00,21,14.2,29.2,0,,,5.7,27.8,1018.3,355
2023-09-29 00:00:00,22.6,15.9,32.9,0,,,4.2,25.9,1020.9,473
2023-09-30 00:00:00,23.1,16.2,31.9,0,,,7.3,33.3,1022.2,490
2023-10-01 00:00:00,22.3,16.1,31.4,0,,,4.4,24.1,1022.2,496
2023-10-02 00:00:00,20.4,13.7,28,0,,,10.5,35.2,1022.4,404
2023-10-03 00:00:00,21.6,14.4,29.3,0,,,7.4,22.2,1023,294
2023-10-04 00:00:00,22.2,17.6,28.4,0,,,6.4,29.6,1024.2,256
2023-10-05 00:00:00,20.9,16.1,28.2,0,,,6.9,25.9,1023.7,353
2023-10-06 00:00:00,21.4,15.2,29.1,0.1,,,6,25.9,1023.4,305
2023-10-07 00:00:00,21.1,14.4,29.7,0,,,5.2,25.9,1023.7,434
2023-10-08 00:00:00,19.2,11.1,29.7,0.1,,,5.3,31.5,1023.8,426
2023-10-09 00:00:00,19.7,12.5,29,0,,,4.9,27.8,1023.4,392
2023-10-10 00:00:00,20.3,12.8,30.6,0,,,5.9,29.6,1021.3,435
2023-10-11 00:00:00,19.7,11.8,28.2,0,,,8.6,33.3,1020.5,429
2023-10-12 00:00:00,19.1,13.5,27.7,0.1,,,5.9,27.8,1020.3,404
2023-10-13 00:00:00,19.6,10.8,28.2,0,,,11.2,44.5,1017.7,398
2023-10-14 00:00:00,20.3,14.4,28.2,0,,,5.4,20.4,1017.7,205
2023-10-15 00:00:00,18.8,13.9,25,0.9,,,8.1,22.2,1016.3,131
2023-10-16 00:00:00,17.3,14.7,21.6,1.1,,,4.6,13,1012.9,23
2023-10-17 00:00:00,19.4,13.1,27.4,0,,,15,40.8,1009.8,145
2023-10-18 00:00:00,22.7,16.6,30,0,,,14.8,50,1003.5,275
2023-10-19 00:00:00,22.1,17.5,27.9,2,,,22.4,64.8,995.1,71
2023-10-20 00:00:00,18.8,13.9,25.2,0,,,20.3,57.4,989.3,333
2023-10-21 00:00:00,15.9,10.1,22.9,0,,,9.9,33.3,1003.7,256
2023-10-22 00:00:00,14.6,7.4,24.6,0,,,6.4,20.4,1010.6,170
2023-10-23 00:00:00,21,16.6,28.7,3.1,,,14.6,50,1005.7,137
2023-10-24 00:00:00,17.6,12.3,25.1,0.1,,,8.8,33.3,1007.5,388
2023-10-25 00:00:00,18.2,13.4,26.1,0,,,9.4,24.1,1006.8,296
2023-10-26 00:00:00,20.3,13.5,27.6,0,,,13.6,59.3,1001.8,98
2023-10-27 00:00:00,18.4,13.9,24.7,0,,,9.2,40.8,1003.5,345
2023-10-28 00:00:00,18.4,10,25,0,,,16.1,51.8,1006.2,386
2023-10-29 00:00:00,18.8,15.1,24.6,0,,,21.2,50,1005.5,208
2023-10-30 00:00:00,16.1,9.7,24.2,0.7,,,13,42.6,1003.3,61
2023-10-31 00:00:00,12.7,5.9,21.1,0,,,7.9,31.5,1013.4,329
2023-11-01 00:00:00,16.6,9,24.2,0,,,17.2,48.2,1009.8,184
2023-11-02 00:00:00,17.2,7.7,23.9,8.2,,,22.7,51.8,996.3,62
2023-11-03 00:00:00,13.2,6.1,19.7,1.4,,,13,46.3,998.1,352
2023-11-04 00:00:00,14.7,5.1,22.7,0,,,19.3,63,996.1,98
2023-11-05 00:00:00,17.2,10.5,22.3,0,,,15.6,48.2,1001.1,490
2023-11-06 00:00:00,13.7,7.1,19.8,0.5,,,7.9,25.9,1013.4,426
2023-11-07 00:00:00,12.2,5.6,19.3,0,,,8.4,25.9,1019.7,410
2023-11-08 00:00:00,10.6,2.2,17.4,0.1,,,12.8,35.2,1021,474
2023-11-09 00:00:00,12.3,8.4,17.9,0.1,,,12.5,33.3,1014.1,189
2023-11-10 00:00:00,12.4,6.9,20.4,0,,,5.9,24.1,1012.5,391
2023-11-11 00:00:00,12.6,7.9,19.9,0,,,6.1,25.9,1012.5,253
2023-11-12 00:00:00,14.3,8.4,22.3,0,,,5.8,18.5,1014.6,220
2023-11-13 00:00:00,15.7,7.4,26,0,,,5.8,18.5,1019,446
2023-11-14 00:00:00,17,9.6,28.4,0,,,5.9,22.2,1018.2,381
2023-11-15 00:00:00,14.6,10.6,17.1,0,,,4.8,16.7,1022.5,158
2023-11-16 00:00:00,15.6,10.7,24.2,0,,,4.8,16.7,1019.6,308
2023-11-17 00:00:00,14.8,7.7,17.8,2.3,,,6.1,16.7,1022.8,83
2023-11-18 00:00:00,12.1,5.1,21.1,0,,,4.8,16.7,1024.8,413
2023-11-19 00:00:00,12.5,5.6,23.1,0,,,4.5,20.4,1022,393
2023-11-20 00:00:00,13.6,5.1,22.9,1.3,,,6,24.1,1018.1,414
2023-11-21 00:00:00,12.5,6.3,18.4,5.8,,,8.4,20.4,1013.4,342
2023-11-22 00:00:00,11.7,3.8,18,0,,,24.7,64.8,1015.6,475
2023-11-23 00:00:00,10.3,1.8,20.9,0,,,5.9,31.5,1020.4,529
2023-11-24 00:00:00,8.9,0.6,19.4,0,,,5.9,27.8,1012.7,358
2023-11-25 00:00:00,7.8,1,15,0,,,9.2,33.3,1013.8,383
2023-11-26 00:00:00,8.8,3.5,17.3,0,,,6.6,20.4,1016.7,336
2023-11-27 00:00:00,8.2,3.1,15,0,,,3.1,16.7,1011.5,233
2023-11-28 00:00:00,8.5,2.1,16.7,0,,,4.1,20.4,1007,354
2023-11-29 00:00:00,11.2,10,13.5,0.2,,,9.7,27.8,1006.7,79
2023-11-30 00:00:00,17.8,13,22.6,0,,,22.2,44.5,998.8,320
2023-12-01 00:00:00,12.9,8.8,17.5,7.5,,,10.6,31.5,996.5,31
2023-12-02 00:00:00,9.6,4.8,15.1,0,,,6.1,20.4,1009.9,328
2023-12-03 00:00:00,7.3,-0.8,14.2,0,,,9.1,31.5,1020.3,439
2023-12-04 00:00:00,11.6,3.2,17.4,0.1,,,14.5,44.5,1012.9,368
2023-12-05 00:00:00,8.4,3.7,14.3,0,,,7.2,24.1,1015.8,334
2023-12-06 00:00:00,7.7,1.1,15.3,0,,,5.1,16.7,1016.7,436
2023-12-07 00:00:00,7.5,-1.1,15.4,3.9,,,5.9,22.2,1016.5,278
2023-12-08 00:00:00,10.3,5.2,15.7,5.9,,,8,18.5,1012.8,273
2023-12-09 00:00:00,8.6,2.4,16.1,0,,,4.3,18.5,1018.7,208
2023-12-10 00:00:00,9.4,2,17.6,0,,,5.5,24.1,1021,276
2023-12-11 00:00:00,11.3,5.5,19.1,0,,,1.4,14.8,1017.5,341
2023-12-12 00:00:00,12.7,6.7,19.7,0,,,6.2,20.4,1012.7,222
2023-12-13 00:00:00,11.3,4,15,0,,,7.5,25.9,1008.6,197
2023-12-14 00:00:00,7.7,2,16,0,,,7.6,27.8,1017.8,469
2023-12-15 00:00:00,8.9,1.2,19.1,0,,,6.9,31.5,1030.1,503
2023-12-16 00:00:00,7.3,0.6,15.8,0,,,5.8,18.5,1035.8,484
2023-12-17 00:00:00,5.1,-2,14.7,0,,,3.7,14.8,1037.4,388
2023-12-18 00:00:00,4.9,-3.7,17.2,0,,,3.7,14.8,1034.7,480
2023-12-19 00:00:00,6.1,-1.9,19.2,0,,,2.8,14.8,1027.6,482
2023-12-20 00:00:00,6.3,0,16.1,0,,,4.4,22.2,1020.9,334
2023-12-21 00:00:00,5.9,-2.5,15.6,0,,,4,14.8,1020.9,414
2023-12-22 00:00:00,9.3,1,20.5,0,,,6.2,20.4,1020,380
2023-12-23 00:00:00,7.4,0,17.5,0,,,2.2,14.8,1023.3,402
2023-12-24 00:00:00,5.7,-2,18.1,0,,,2.2,13,1022.9,448
2023-12-25 00:00:00,5.8,-1.8,18.6,0,,,3.1,18.5,1021.2,472
2023-12-26 00:00:00,6.1,-2.4,19.7,0,,,2.7,13,1021.4,470
2023-12-27 00:00:00,5.9,-2.8,18.8,0,,,6.1,29.6,1022.4,468
2023-12-28 00:00:00,5.4,-2.4,12.7,0,,,6.5,20.4,1024.2,246
2023-12-29 00:00:00,5.8,0.8,12.4,0,,,2,14.8,1022.6,156
2023-12-30 00:00:00,6.8,-0.3,16.3,0,,,4.7,18.5,1019.2,413
2023-12-31 00:00:00,11.7,5.9,17.6,0,,,12.4,37,1013.4,277
2024-01-01 00:00:00,9.1,2.1,14.7,0,,,5.1,24.1,1018.4,207
2024-01-02 00:00:00,8.9,0.5,15.3,0,,,6.6,27.8,1015.3,272
2024-01-03 00:00:00,11.8,7.2,16.9,0,,,5.9,22.2,1013.6,144
2024-01-04 00:00:00,9.9,3.8,16.5,0.3,,,11.7,37,1014,223
2024-01-05 00:00:00,9.8,7.7,11.4,3.3,,,5,20.4,1003.6,75
2024-01-06 00:00:00,7.2,-0.1,14.5,0,,,4.7,24.1,1006.8,442
2024-01-07 00:00:00,4.6,-3.6,15.3,0,,,8.8,25.9,1010.5,491
2024-01-08 00:00:00,3.3,-5.2,12.8,0,,,7.6,22.2,1014.9,478
2024-01-09 00:00:00,2.3,-4.2,11.1,0,,,4.6,25.9,1020.3,376
2024-01-10 00:00:00,6.6,3.5,10.6,2,,,4.2,16.7,1018.6,31
2024-01-11 00:00:00,6.1,4.1,8.9,1.1,,,13.7,24.1,1019.8,34
2024-01-12 00:00:00,6.5,1.1,14.2,0,,,4.4,18.5,1023.9,428
2024-01-13 00:00:00,7.1,2.5,13.3,0,,,5.3,16.7,1022.8,301
2024-01-14 00:00:00,6.1,-0.2,13.3,0,,,3.1,14.8,1014.2,209
2024-01-15 00:00:00,8.4,1.9,14.2,0,,,4,13,1009.2,258
2024-01-16 00:00:00,8.4,1.2,15.3,0,,,5.9,24.1,1009.2,219
2024-01-17 00:00:00,16.1,9.1,20.3,0,,,21.5,42.6,999.3,244
2024-01-18 00:00:00,17.3,10.5,22.2,0,,,17.5,50,1001.8,505
2024-01-19 00:00:00,6.8,3.9,11.6,3,,,11.1,35.2,1011.6,1
2024-01-20 00:00:00,6.8,2.7,13.8,0,,,9.5,29.6,1023.7,364
2024-01-21 00:00:00,5.7,-1.5,15.6,0,,,2.3,16.7,1032.2,467
2024-01-22 00:00:00,5.7,-2.3,16.3,0,,,5.2,14.8,1031.2,418
2024-01-23 00:00:00,8.5,1,17.2,0,,,6.6,20.4,1034.4,347
2024-01-24 00:00:00,10.3,2.9,20.9,0,,,5.2,25.9,1034.8,470
2024-01-25 00:00:00,10.9,2.1,23.8,0,,,4.6,14.8,1030.8,504
2024-01-26 00:00:00,11.9,2.8,24.2,0,,,2.6,14.8,1030.2,502
2024-01-27 00:00:00,9.9,2.7,19.7,0,,,4.6,24.1,1030.2,497
2024-01-28 00:00:00,9.1,2.6,16.6,0,,,7,29.6,1030.7,265
2024-01-29 00:00:00,11.1,8.5,14.6,0,,,8,29.6,1031.8,156
2024-01-30 00:00:00,9.6,2.9,16.1,0,,,6.3,20.4,1033.1,268
2024-01-31 00:00:00,7.8,1.5,16.9,0,,,3.3,18.5,1034,465
2024-02-01 00:00:00,9.3,1,19.3,0,,,2.9,20.4,1031.9,447
2024-02-02 00:00:00,9.4,2.4,20.7,0,,,4.8,20.4,1031,499
2024-02-03 00:00:00,9.8,1.7,22.1,0,,,4.8,20.4,1030.4,550
2024-02-04 00:00:00,11.6,2.6,24.3,0,,,4,25.9,1028.8,559
2024-02-05 00:00:00,11.2,2.6,23.5,0,,,4,20.4,1026.5,562
2024-02-06 00:00:00,9.1,2.2,16.9,0,,,5.2,16.7,1023.3,280
2024-02-07 00:00:00,10.7,5.6,17.4,0,,,5.2,24.1,1018.1,437
2024-02-08 00:00:00,11.3,2.6,22.1,0,,,12.1,46.3,1009.2,397
2024-02-09 00:00:00,13.8,11.4,15.7,2.6,,,21.3,46.3,994.1,209
2024-02-10 00:00:00,10.7,5.4,12.3,10.1,,,9.4,33.3,988.4,167
2024-02-11 00:00:00,8.6,2,17.2,0,,,5.6,25.9,1003,549
2024-02-12 00:00:00,9,2.3,18.4,0,,,6.8,27.8,1007.5,535
2024-02-13 00:00:00,9.9,4.6,17.7,0,,,6.3,27.8,1020.1,548
2024-02-14 00:00:00,10.7,2.2,22.5,0,,,6.6,27.8,1023.4,512
2024-02-15 00:00:00,13.4,8.4,20.9,0,,,13.1,37,1018.5,217
2024-02-16 00:00:00,12.7,8,17.1,0.5,,,11.2,31.5,1019,183
2024-02-17 00:00:00,13.9,6.7,21.5,0,,,8,31.5,1026.5,520
2024-02-18 00:00:00,11.5,3.7,20.7,0,,,3.7,18.5,1031.5,505
2024-02-19 00:00:00,13.2,7.1,21,0,,,5.6,20.4,1029.4,487
2024-02-20 00:00:00,11.6,4.8,21.5,0,,,8.8,31.5,1027,557
2024-02-21 00:00:00,9.8,2.3,20.3,0,,,9.3,27.8,1023.5,339
2024-02-22 00:00:00,13.9,8.9,22.7,3.5,,,13.1,44.5,1008.9,318
2024-02-23 00:00:00,8.1,2.9,14,14.8,,,12.2,33.3,1004.2,339
2024-02-24 00:00:00,5.6,1.8,13,0.7,,,7.3,25.9,1007.8,372
2024-02-25 00:00:00,8.9,1.3,15.6,0,,,15.2,42.6,1006.4,217
2024-02-26 00:00:00,10.6,6.3,16.3,8.3,,,13.4,27.8,999.6,167
2024-02-27 00:00:00,10.1,5.2,18.3,0,,,8.8,35.2,1005.7,413
2024-02-28 00:00:00,12.2,5.3,16.9,0,,,23.2,50,1013.2,416
2024-02-29 00:00:00,9,1.3,19.3,0,,,8.6,29.6,1012.4,595
2024-03-01 00:00:00,9.8,4.5,17.4,0,,,8.2,27.8,1009.4,567
2024-03-02 00:00:00,10.6,3.2,18.7,13.9,,,19.4,51.8,1003.1,361
2024-03-03 00:00:00,8.3,3.8,13.1,14.3,,,12.6,37,999.4,229
2024-03-04 00:00:00,6.7,-1.1,16.5,0,,,6.1,22.2,1011.6,498
2024-03-05 00:00:00,8.7,2.6,16.5,1.9,,,6.5,25.9,1019,398
2024-03-06 00:00:00,9.5,4.9,16,0,,,8.8,29.6,1021.1,352
2024-03-07 00:00:00,9.2,2.4,17.1,7.9,,,14.3,37,1014.6,305
2024-03-08 00:00:00,10.8,7.3,17.4,1.8,,,13.5,46.3,1004.4,212
2024-03-09 00:00:00,9.5,6.6,12.8,47.7,,,19.8,53.7,997.3,13
2024-03-10 00:00:00,9.9,3.7,16.7,0,,,13.1,40.8,996.3,393
2024-03-11 00:00:00,9.3,3.9,17.1,0,,,7.1,22.2,1009.3,291
2024-03-12 00:00:00,9.4,3.1,17.6,0,,,8.1,22.2,1020.2,455
2024-03-13 00:00:00,10.2,3.1,20,0,,,6.4,29.6,1018.1,541
2024-03-14 00:00:00,11,3.8,20.8,1.7,,,6.8,29.6,1016.4,440
2024-03-15 00:00:00,13.2,10.8,20.2,2.4,,,7.8,27.8,1018.6,237
2024-03-16 00:00:00,14.2,9.9,21.6,0,,,9.8,35.2,1022.7,376
2024-03-17 00:00:00,14.1,9.9,23.7,0,,,6.6,20.4,1020.5,358
2024-03-18 00:00:00,15,9.8,24.4,0,,,7.6,20.4,1017.1,397
2024-03-19 00:00:00,15,9.5,23.7,0,,,7.7,25.9,1016.3,393
2024-03-20 00:00:00,13.1,8.4,20.9,0,,,8,33.3,1018.6,344
2024-03-21 00:00:00,14.2,11.4,23.3,0,,,7.2,29.6,1023.2,282
2024-03-22 00:00:00,15.7,9.3,26,0,,,6.6,29.6,1019.3,447
2024-03-23 00:00:00,14.4,10.1,22.5,0,,,11.1,37,1017.4,307
2024-03-24 00:00:00,12.9,10.9,21.2,0,,,12.6,31.5,1015.3,148
2024-03-25 00:00:00,11,10.2,13,8.4,,,10.2,35.2,1003,53
2024-03-26 00:00:00,11.8,7.8,18.3,7.1,,,9,31.5,990.3,3
2024-03-27 00:00:00,10.7,3.3,18.6,0,,,15.4,44.5,993.8,408
2024-03-28 00:00:00,16.6,13.2,23.2,0,,,25.8,55.5,998.3,409
2024-03-29 00:00:00,16.3,13,23.8,0.2,,,26.7,53.7,998.4,238
2024-03-30 00:00:00,14,10.3,20.6,13,,,18.1,50,996.2,392
2024-03-31 00:00:00,12.7,9.5,17.9,7.9,,,21.9,44.5,996.3,176
2024-04-01 00:00:00,11,6.6,20.8,0,,,13.5,44.5,1006,557
2024-04-02 00:00:00,8.9,5.2,18.2,0,,,16.8,42.6,1017,407
2024-04-03 00:00:00,14.3,8.8,23.1,0,,,14.5,38.9,1015.9,503
2024-04-04 00:00:00,14.2,5.9,25.6,0,,,13.9,38.9,1017.8,511
2024-04-05 00:00:00,16.1,8.9,25.8,0,,,19.2,51.8,1018,413
2024-04-06 00:00:00,14.1,6.2,25.7,0.1,,,7.7,27.8,1019.9,407
2024-04-07 00:00:00,15.4,10.2,25.2,0,,,8.1,29.6,1017.2,312
2024-04-08 00:00:00,15.7,11.7,22.4,1.5,,,11,24.1,1009.9,187
2024-04-09 00:00:00,11.5,5.9,18.2,15.1,,,9.6,29.6,1018.7,261
2024-04-10 00:00:00,10.8,3.4,22.4,0,,,6,29.6,1025.8,516
2024-04-11 00:00:00,13.8,4.8,25.3,0,,,8.4,40.8,1027.7,582
2024-04-12 00:00:00,15.5,6.6,28.6,0,,,6.2,25.9,1029.1,603
2024-04-13 00:00:00,17.2,8.3,31.6,0,,,6.6,31.5,1026.3,590
2024-04-14 00:00:00,18,8.4,31.3,0,,,9.2,37,1022.8,590
2024-04-15 00:00:00,16.8,11.9,26.2,0,,,8,31.5,1017.6,362
2024-04-16 00:00:00,14.2,10,19.7,0,,,8.3,27.8,1014.6,193
2024-04-17 00:00:00,12.5,9.9,21,2.5,,,11.9,35.2,1014.2,257
2024-04-18 00:00:00,11.4,4.4,17.3,1,,,11.1,29.6,1015.3,284
2024-04-19 00:00:00,10.7,1,19.8,0,,,10.5,37,1020.1,574
2024-04-20 00:00:00,12.8,4,21.9,0,,,9.8,37,1015.8,559
2024-04-21 00:00:00,12,5.1,20.8,1.3,,,10.5,35.2,1015.8,516
2024-04-22 00:00:00,10.6,4.8,17.4,0,,,13.2,37,1014.8,423
2024-04-23 00:00:00,8.3,0.9,17.5,0,,,8.2,35.2,1014.4,509
2024-04-24 00:00:00,9.3,-0.4,17.6,0,,,9.4,35.2,1014.5,554
2024-04-25 00:00:00,11.3,7.9,17,0,,,10.6,35.2,1010.3,181
2024-04-26 00:00:00,13.5,8.5,19.6,2,,,12.2,40.8,1006.7,335
2024-04-27 00:00:00,15,13.4,18.5,4.6,,,16.3,50,1005.4,73
2024-04-28 00:00:00,13.8,12.5,16,29.4,,,10.8,29.6,1011.3,47
2024-04-29 00:00:00,12.3,11.8,13.4,37.8,2,,12.5,37,1015,8
2024-04-30 00:00:00,13.8,11.9,18.8,11,,,6.6,24.1,1012.1,28
2024-05-01 00:00:00,14.3,9.1,19.8,2.8,,,9.4,29.6,1005.2,132
2024-05-02 00:00:00,10.7,6.5,17.3,5.1,,,7.5,27.8,1010.7,283
2024-05-03 00:00:00,12.2,4.7,22.4,0,,,10.6,38.9,1016.5,508
2024-05-04 00:00:00,14.9,8.9,23,0,,,7,27.8,1014.6,379
2024-05-05 00:00:00,16.3,11.5,23.3,0,,,13.6,37,1012.4,361
2024-05-06 00:00:00,15.3,12.3,24.1,6.3,,,10.2,25.9,1010.6,196
2024-05-07 00:00:00,12.8,9.2,20,5.5,,,6.6,31.5,1016.8,241
2024-05-08 00:00:00,16.1,7.9,23.5,0,,,10.5,42.6,1018.7,554
2024-05-09 00:00:00,16.4,9,25.2,0,,,9.4,33.3,1018.7,675
2024-05-10 00:00:00,17.9,9.2,27.4,0,,,13.4,40.8,1017.4,578
2024-05-11 00:00:00,17.7,9.1,26.1,0,,,15.1,44.5,1016.7,648
2024-05-12 00:00:00,17.3,10.9,26,0,,,10.5,35.2,1016,442
2024-05-13 00:00:00,17.8,11.3,26.3,3.8,,,15.2,38.9,1012.2,464
2024-05-14 00:00:00,15.3,11.2,17.7,35.8,,,10,27.8,1005.6,64
2024-05-15 00:00:00,13.6,10.8,19.8,0.1,,,5.9,29.6,1006.3,262
2024-05-16 00:00:00,14,8.3,20.8,0.2,,,9.4,40.8,1007.2,460
2024-05-17 00:00:00,15.4,8.6,22.9,1.2,,,11.8,38.9,1009,507
2024-05-18 00:00:00,15.5,11.6,22,3,,,7.5,25.9,1011,314
2024-05-19 00:00:00,15.8,9.2,24.4,0,,,8.6,35.2,1010.4,420
2024-05-20 00:00:00,15.5,12.3,22.6,6.1,,,7.1,27.8,1009.2,341
2024-05-21 00:00:00,14.4,10.9,21,25.2,,,9.3,31.5,1012.4,360
2024-05-22 00:00:00,14.8,9.6,20.2,3.7,,,13.9,40.8,1015.5,304
2024-05-23 00:00:00,15.2,10.7,22.2,0.1,,,9,38.9,1017.6,420
2024-05-24 00:00:00,15.4,12,22.6,0.2,,,7.2,25.9,1018,271
2024-05-25 00:00:00,16.3,9.9,24.2,0,,,9,27.8,1016.8,428
2024-05-26 00:00:00,18.6,10,26.6,0,,,9.7,33.3,1016.9,541
2024-05-27 00:00:00,19.1,14.2,26,0,,,9.7,31.5,1017.5,297
2024-05-28 00:00:00,19.7,15.8,25.5,0,,,11.7,29.6,1018.6,505
2024-05-29 00:00:00,19.7,13.4,27.9,0,,,7.3,27.8,1016,420
2024-05-30 00:00:00,19.1,15.2,26.1,18.7,,,6.3,27.8,1011.5,265
2024-05-31 00:00:00,17.2,14.2,23.8,5.9,,,9.4,37,1013,370
2024-06-01 00:00:00,16.3,12.5,21.9,0.8,,,8.3,27.8,1015.9,259
2024-06-02 00:00:00,17.6,10.7,25.1,0,,,8.9,31.5,1017.2,561
2024-06-03 00:00:00,20.3,14.1,27,0.3,,,6.9,29.6,1016,560
2024-06-04 00:00:00,18.9,14.9,26.3,0.1,,,8.4,29.6,1014.3,490
2024-06-05 00:00:00,20.6,13.8,29,0,,,10.4,37,1015.1,645
2024-06-06 00:00:00,23.3,15.2,32,0,,,16,46.3,1015.2,543
2024-06-07 00:00:00,22.2,14.9,31.6,0,,,7.7,29.6,1016.5,545
2024-06-08 00:00:00,21.6,17.6,28.2,0,,,11.8,42.6,1010.4,305
2024-06-09 00:00:00,19.8,17.3,27.1,0.9,,,7.5,29.6,1005.1,295
2024-06-10 00:00:00,17.8,16.6,19.7,5.2,,,6.4,20.4,1011.1,55
2024-06-11 00:00:00,16.1,15.3,18.7,7.2,,,7.8,27.8,1014,54
2024-06-12 00:00:00,15.1,12.5,19.4,14.2,,,5.9,22.2,1016.9,112
2024-06-13 00:00:00,17,9.2,24.1,0,,,14.3,46.3,1018.2,594
2024-06-14 00:00:00,20.4,12.6,27.8,0,,,17.9,46.3,1013.1,549
2024-06-15 00:00:00,19.3,14.2,25.3,0,,,10.3,29.6,1012,376
2024-06-16 00:00:00,18.9,12.2,26.2,0,,,15.4,42.6,1013.2,595
2024-06-17 00:00:00,20.6,13.5,28.5,0,,,14.6,42.6,1012.4,555
2024-06-18 00:00:00,22.7,16.7,31.7,0,,,8.9,31.5,1012.1,585
2024-06-19 00:00:00,21.2,15.9,29.8,7.2,,,7.1,25.9,1011.5,316
2024-06-20 00:00:00,19.9,17.6,24,2.1,,,6.7,27.8,1015.1,141
2024-06-21 00:00:00,20.3,15.9,26.6,0,,,8.6,33.3,1017,459
2024-06-22 00:00:00,20.1,16.1,26.3,0,,,7.1,29.6,1018.1,353
2024-06-23 00:00:00,19.8,16.1,26.2,0,,,10.2,31.5,1015.2,412
2024-06-24 00:00:00,21.6,14.7,29,0,,,8.8,29.6,1013,604
2024-06-25 00:00:00,22.6,15.6,31,0,,,13.2,31.5,1010.5,530
2024-06-26 00:00:00,23.1,17.6,30.9,0,,,15.5,38.9,1010.5,542
2024-06-27 00:00:00,23.8,18,31.9,0,,,10.1,25.9,1012.2,582
2024-06-28 00:00:00,25,17,34.1,0.1,,,7.9,33.3,1013.9,549
2024-06-29 00:00:00,22.3,18.3,28.6,36,,,10.6,38.9,1010.3,346
2024-06-30 00:00:00,22.2,18.7,28.1,0.2,,,10.8,33.3,1013.6,459
2024-07-01 00:00:00,20.5,17.6,26.3,0.3,,,8.1,20.4,1015.1,161
2024-07-02 00:00:00,21.1,15.9,28.6,0.1,,,10.5,33.3,1015.7,475
2024-07-03 00:00:00,21.3,17.6,28.1,0,,,10.5,33.3,1013,361
2024-07-04 00:00:00,21.9,15.7,28.8,0,,,9.6,33.3,1014.2,500
2024-07-05 00:00:00,23.4,17.9,30.2,0.6,,,17.6,38.9,1013,548
2024-07-06 00:00:00,22.7,18.5,28.9,0.2,,,11.8,33.3,1009.9,304
2024-07-07 00:00:00,21.7,17,28.7,0,,,10.9,37,1012.3,401
2024-07-08 00:00:00,23.2,16.4,30.8,0,,,15.5,40.8,1013.9,579
2024-07-09 00:00:00,24.8,17.6,32.8,0,,,17.7,46.3,1013.8,594
2024-07-10 00:00:00,25,19.1,32.2,0,,,10.1,37,1015.1,597
2024-07-11 00:00:00,27,20.2,34.5,0,,,14.8,44.5,1014.3,652
2024-07-12 00:00:00,23.6,18.4,29.9,3.7,,,10,27.8,1012.3,342
2024-07-13 00:00:00,21.8,16.4,28.6,0,,,10.5,37,1013,412
2024-07-14 00:00:00,24.3,16.2,32.3,0,,,16.3,46.3,1010.7,556
2024-07-15 00:00:00,25.5,19.7,32.4,0,,,14,42.6,1010.8,431
2024-07-16 00:00:00,25.3,20.2,33.3,0,,,9.3,37,1014.4,547
2024-07-17 00:00:00,24.3,17.9,32.3,0,,,11.8,37,1016.9,607
2024-07-18 00:00:00,26.3,17.9,35.7,0,,,10.3,35.2,1016.5,660
2024-07-19 00:00:00,26.9,22.5,35.6,0,,,9.4,33.3,1015.5,563
2024-07-20 00:00:00,26.9,19.1,36.6,0,,,14.2,42.6,1008.8,586
2024-07-21 00:00:00,22.1,16.8,28.6,11.1,,,9.9,29.6,1009.2,280
2024-07-22 00:00:00,23.5,15.7,32.7,0,,,7.6,31.5,1016.4,670
2024-07-23 00:00:00,24.9,16.7,33.8,0,,,6.4,27.8,1018.1,693
2024-07-24 00:00:00,26.2,19.8,33,0,,,9.1,35.2,1016,648
2024-07-25 00:00:00,26,20.2,32.8,0,,,10,31.5,1011.7,567
2024-07-26 00:00:00,26.6,20.5,34.6,0,,,9.2,35.2,1010.8,635
2024-07-27 00:00:00,26.1,18.8,34.4,0,,,13.8,42.6,1012.6,668
2024-07-28 00:00:00,26.5,19.4,36.1,0,,,10.4,31.5,1017.1,633
2024-07-29 00:00:00,27.2,16.8,37.6,0,,,13.2,44.5,1015.8,673
2024-07-30 00:00:00,29,19.6,39,0.1,,,10.1,33.3,1013.6,633
2024-07-31 00:00:00,29.7,19.3,41,0,,,17.2,50,1011.5,664
2024-08-01 00:00:00,28.8,21,38,0,,,8.4,31.5,1011.2,588
2024-08-02 00:00:00,27.4,21.1,37.6,0,,,11.9,42.6,1009.2,453
2024-08-03 00:00:00,25.8,18.4,34.5,0,,,10.1,37,1011.4,609
2024-08-04 00:00:00,26,19,33.6,0,,,9.8,35.2,1013.2,596
2024-08-05 00:00:00,26.6,20.1,33.6,0,,,10.7,37,1011.5,572
2024-08-06 00:00:00,27.3,21.3,35.8,0,,,10.7,37,1010.1,533
2024-08-07 00:00:00,27.7,20.7,35.4,0,,,10.6,38.9,1011.7,517
2024-08-08 00:00:00,27,20.8,35.5,0,,,9.2,35.2,1014.1,596
2024-08-09 00:00:00,27.2,20.2,36.1,0,,,8.2,33.3,1016.3,632
2024-08-10 00:00:00,28.5,22.1,37.3,0,,,7.7,33.3,1016.9,622
2024-08-11 00:00:00,26.7,20.5,34.1,0,,,11.5,33.3,1015.2,561
2024-08-12 00:00:00,26.6,20.5,35.9,0,,,7.2,29.6,1012.6,540
2024-08-13 00:00:00,24.7,20.6,36.9,3.9,,,6.6,33.3,1009.9,408
2024-08-14 00:00:00,22.1,19.3,31.9,27,,,8.6,31.5,1011,170
2024-08-15 00:00:00,23.4,19.3,30.8,0.5,,,10.5,33.3,1014.5,397
2024-08-16 00:00:00,25.4,20.5,31.5,0.6,,,12.8,35.2,1015,395
2024-08-17 00:00:00,25.1,19.7,32.4,5.8,,,11.1,38.9,1013.6,477
2024-08-18 00:00:00,22.1,19.3,27.9,0,,,7.7,25.9,1012.3,236
2024-08-19 00:00:00,22.3,16.3,30.6,0,,,8.7,33.3,1012.2,544
2024-08-20 00:00:00,23.3,17.1,30.2,0,,,7.2,29.6,1012.6,558
2024-08-21 00:00:00,23.5,17.9,30.3,0,,,10.3,33.3,1015.7,501
2024-08-22 00:00:00,24.6,18.5,31.2,0,,,7.6,29.6,1013.2,333
2024-08-23 00:00:00,25.2,20.3,31.7,0,,,8.2,29.6,1013.6,458
2024-08-24 00:00:00,25.8,20.1,32.4,0,,,17.7,46.3,1013,548
2024-08-25 00:00:00,25.2,19.8,32.1,0,,,11.9,29.6,1016.5,384
2024-08-26 00:00:00,23.4,18.3,31.5,0,,,8.2,24.1,1016.2,537
2024-08-27 00:00:00,24.1,19.5,31,0,,,7.9,25.9,1014.4,554
2024-08-28 00:00:00,23.7,17.2,33.8,0,,,6.6,25.9,1015,610
2024-08-29 00:00:00,23.8,17.6,32.2,0,,,7.2,22.2,1016.3,706
2024-08-30 00:00:00,23.3,15.3,32.5,0,,,8.9,20.4,1015.8,523
2024-08-31 00:00:00,24.6,18.1,32,0,,,9.3,13,1015.2,611
2024-09-01 00:00:00,23,18.4,30.5,0.2,,,5.9,16.7,1013.4,676
2024-09-02 00:00:00,24.3,17.3,32.7,0,,,8.2,18.5,1012.3,633
2024-09-03 00:00:00,21.1,18,25.8,3.4,,,5.4,22.2,1013.7,640
2024-09-04 00:00:00,19.3,16,22.9,8,,,5.7,25.9,1012.6,119
2024-09-05 00:00:00,19.7,15.7,25.2,0,,,9.1,31.5,1010.2,241
2024-09-06 00:00:00,21.4,16.5,28.5,9.3,,,8.8,38.9,1008.5,195
2024-09-07 00:00:00,24.4,20.2,30.5,1.5,,,14.2,40.8,1007.6,300
2024-09-08 00:00:00,20.3,15.1,23.5,1.8,,,6.6,22.2,1010.6,140
2024-09-09 00:00:00,20.3,13.3,27.6,0,,,7.5,27.8,1013.6,471
2024-09-10 00:00:00,20.8,16.4,27,0,,,10.1,29.6,1015,465
2024-09-11 00:00:00,20.4,15.7,26.9,0.1,,,11.3,29.6,1013.8,311
2024-09-12 00:00:00,16.1,11.3,19.2,5,,,8.3,25.9,1012.4,48
2024-09-13 00:00:00,13.7,9.3,24.2,0,,,9.1,40.8,1018.8,556
2024-09-14 00:00:00,16.2,6.6,26.1,0,,,7.4,31.5,1021.7,573
2024-09-15 00:00:00,17.3,7.9,27.7,0,,,6.5,29.6,1017.3,559
2024-09-16 00:00:00,19.9,10,29.8,0,,,10.7,37,1014.1,526
2024-09-17 00:00:00,18.9,12,25.7,0,,,9.3,38.9,1013,362
2024-09-18 00:00:00,18.3,13.3,23.4,0,,,9.6,25.9,1015.8,361
2024-09-19 00:00:00,18.1,12.2,25.5,0.4,,,10.7,35.2,1014.9,387
2024-09-20 00:00:00,17.9,12.3,23.2,0.1,,,4.9,20.4,1016.6,123
2024-09-21 00:00:00,17.8,12.8,21.4,2.3,,,6.7,22.2,1016.6,123
2024-09-22 00:00:00,19.3,15.2,24,7.8,,,6.7,24.1,1013.8,254
2024-09-23 00:00:00,18.1,14.4,25.5,0,,,7.5,24.1,1013,289
2024-09-24 00:00:00,18.2,13.6,26.9,0,,,6.7,31.5,1011.9,203
2024-09-25 00:00:00,19.6,10.9,26.6,0,,,16.2,44.5,1011.4,347
2024-09-26 00:00:00,25.1,16.5,34.5,0,,,20.8,61.1,1005.8,358
2024-09-27 00:00:00,18.3,10,27.9,0,,,10.4,33.3,1011,379
2024-09-28 00:00:00,15.6,8.2,24.8,0,,,8.5,31.5,1020.1,464
2024-09-29 00:00:00,16.6,8,27.5,0,,,9.4,33.3,1021.8,436
2024-09-30 00:00:00,18.7,10.1,27.4,0,,,9.1,27.8,1019.5,471
2024-10-01 00:00:00,19.8,13.4,28.3,0,,,12.6,46.3,1013.6,217
2024-10-02 00:00:00,18,13.1,22.6,10,,,6.7,24.1,1008.7,32
2024-10-03 00:00:00,16.7,10.5,23.5,0.1,,,10,24.1,1007.6,431
2024-10-04 00:00:00,16.3,9,23.7,0.3,,,9.6,33.3,1012,357
2024-10-05 00:00:00,16.1,10,21.6,0,,,10,31.5,1012.8,260
2024-10-06 00:00:00,18.4,13.2,25,0,,,7.9,22.2,1009.3,286
2024-10-07 00:00:00,21,17.3,27.4,1.5,,,9,37,1006.5,85
2024-10-08 00:00:00,20.1,13.8,25.9,0.1,,,11,35.2,1004.4,365
2024-10-09 00:00:00,21.6,17,27.3,0.2,,,23.2,66.7,1001.4,265
2024-10-10 00:00:00,18.8,15.7,23.8,10.6,,,10.1,33.3,1006.4,226
2024-10-11 00:00:00,17.2,13.6,21.8,0,,,9,31.5,1014.2,284
2024-10-12 00:00:00,19.3,15.4,23.3,0,,,19.1,42.6,1012.7,69
2024-10-13 00:00:00,18.8,12.3,25.3,0,,,7.5,25.9,1017.3,397
2024-10-14 00:00:00,19.4,16.9,21.9,0,,,8.4,25.9,1017.5,149
2024-10-15 00:00:00,19.4,15.7,24,0.2,,,7.3,29.6,1013.7,29
2024-10-16 00:00:00,20.5,15.7,26.2,0,,,12.8,40.8,1010,199
2024-10-17 00:00:00,19,13.6,25.3,0.7,,,8.2,29.6,1009.6,101
2024-10-18 00:00:00,14.6,8.9,19.4,11.4,,,5.4,24.1,1015.8,85
2024-10-19 00:00:00,14.9,9.1,23.9,0,,,4.8,14.8,1017.9,332
2024-10-20 00:00:00,16.4,9.1,26.4,0,,,4.5,22.2,1021.2,329
2024-10-21 00:00:00,18.4,11.8,26,0,,,6.7,24.1,1024.5,289
2024-10-22 00:00:00,17.9,13,23.1,0,,,8.5,33.3,1026.3,231
2024-10-23 00:00:00,17.3,11.8,24.9,0,,,5.2,27.8,1026.7,350
2024-10-24 00:00:00,15.6,9.4,23,0.1,,,7.9,24.1,1023.2,216
2024-10-25 00:00:00,17.4,10.2,23.3,6.4,,,13,35.2,1017.4,168
2024-10-26 00:00:00,15.3,11.4,17,9.6,,,5.6,18.5,1013.3,4
2024-10-27 00:00:00,15,8.9,20.9,0.7,,,9.2,33.3,1018,177
2024-10-28 00:00:00,17.1,14.2,17.9,7.9,,,13,38.9,1022.4,2
2024-10-29 00:00:00,17.5,14.7,21.5,0.2,,,11.5,33.3,1023.1,57
2024-10-30 00:00:00,17.8,16.3,19.6,7.6,,,14,38.9,1021.3,17
2024-10-31 00:00:00,18.7,14.2,21.7,0.1,,,10.4,25.9,1022.3,78
2024-11-01 00:00:00,17.2,13.5,20.7,0.1,,,10.1,31.5,1022.3,126
2024-11-02 00:00:00,16.3,13,18.7,1.9,,,11,33.3,1021.5,36
2024-11-03 00:00:00,17.8,14.5,21.1,0,,,5.7,18.5,1023.7,55
2024-11-04 00:00:00,18,16,20.7,0.8,,,3.9,14.8,1023.2,91
2024-11-05 00:00:00,17.4,13.8,22.5,11.8,,,6.4,16.7,1022.5,94
2024-11-06 00:00:00,17.2,13.2,21.3,3.8,,,6.6,25.9,1024.8,108
2024-11-07 00:00:00,16.3,13.8,19.1,4.9,,,9.7,25.9,1024.4,54
2024-11-08 00:00:00,16.6,13.3,20.4,0.1,,,8.3,24.1,1021.7,141
2024-11-09 00:00:00,15.4,9.3,21.2,0,,,7.1,25.9,1021.5,197
2024-11-10 00:00:00,15.3,9.7,22.7,0,,,5.8,22.2,1021.8,291
2024-11-11 00:00:00,13.7,7.6,22.1,0,,,4.4,18.5,1022.5,335
2024-11-12 00:00:00,11.6,8.9,14,0,,,17.2,38.9,1018.6,125
2024-11-13 00:00:00,11.6,8.4,12.4,2.1,,,18.5,44.5,1020.3,2
2024-11-14 00:00:00,10.8,4.8,17.8,0,,,7.9,29.6,1021.1,319
2024-11-15 00:00:00,11.2,6.5,17.2,0,,,5.7,27.8,1022.7,250
2024-11-16 00:00:00,11.7,5.1,19.6,0,,,7.8,29.6,1020.7,213
2024-11-17 00:00:00,12,5.3,21.1,0,,,4.2,16.7,1018,370
2024-11-18 00:00:00,12.2,6.6,15.4,0,,,3.4,16.7,1017.4,82
2024-11-19 00:00:00,11.3,5.7,18.4,0,,,4,18.5,1014.9,298
2024-11-20 00:00:00,13.2,7.9,16.6,0.1,,,7.6,24.1,1010.4,71
2024-11-21 00:00:00,13.6,9.4,16.8,0,,,6.4,25.9,1006.6,115
2024-11-22 00:00:00,12.2,7.1,16.9,0.1,,,8.5,25.9,1011.5,234
2024-11-23 00:00:00,12.9,7.6,18.1,0.1,,,16.4,37,1023.9,297
2024-11-24 00:00:00,15.5,10.8,19.2,0.9,,,15.4,35.2,1024.3,162
2024-11-25 00:00:00,14.4,9.1,18.9,0,,,9,29.6,1019.2,140
2024-11-26 00:00:00,14.1,7.5,19.5,0,,,8,22.2,1021.5,186
2024-11-27 00:00:00,10.5,4.1,19.4,0,,,2.6,16.7,1023.3,399
2024-11-28 00:00:00,9.1,1.1,20,0,,,3.2,14.8,1024.9,468
2024-11-29 00:00:00,9.4,1.6,18.4,0,,,5.2,20.4,1024,375
2024-11-30 00:00:00,10.4,3,18.2,0,,,3.5,18.5,1026.8,378
2024-12-01 00:00:00,11.9,6.4,18.8,0,,,3.1,16.7,1024.5,239
2024-12-02 00:00:00,10.9,5.4,17.3,0.4,,,2.7,16.7,1020.7,168
2024-12-03 00:00:00,11.9,9.6,13.7,10.1,,,5.2,18.5,1019.5,49
2024-12-04 00:00:00,9.6,2.5,16,0,,,7.2,16.7,1020.7,280
2024-12-05 00:00:00,8.1,2.1,16.3,0,,,6.8,24.1,1025.1,249
2024-12-06 00:00:00,9.7,5.6,14.4,0,,,4.4,16.7,1021.9,171
2024-12-07 00:00:00,9.7,3.3,17.6,0,,,6.6,18.5,1015.9,130
2024-12-08 00:00:00,7.7,0.7,14.7,0,,,5.7,20.4,1010.6,296
2024-12-09 00:00:00,6.4,-0.9,13.8,0.1,,,6.4,20.4,1011,219
2024-12-10 00:00:00,7.3,3.5,11.7,0.2,,,9.6,14.8,1016.6,188
2024-12-11 00:00:00,8,5.1,9.7,0.4,,,8.9,14.8,1020.7,148
2024-12-12 00:00:00,9.8,8.1,10.7,12.5,,,14.2,24.1,1021.5,96
2024-12-13 00:00:00,10.4,4.1,15.9,0,,,6.3,22.2,1021.6,237
2024-12-14 00:00:00,7.5,1.9,14.8,0,,,4.6,20.4,1025.6,176
2024-12-15 00:00:00,7.3,1.1,14.3,0,,,5.6,25.9,1031.7,357
2024-12-16 00:00:00,5.7,-0.9,14.9,0,,,6.1,16.7,1036.8,456
2024-12-17 00:00:00,6.2,-1.8,17.5,0,,,5.5,20.4,1031,404
2024-12-18 00:00:00,6,-0.8,16.3,0,,,2.8,20.4,1026.7,424
2024-12-19 00:00:00,11.1,3.3,18.6,0,,,10.2,29.6,1016,227
2024-12-20 00:00:00,6.1,-0.6,14,0,,,5.1,29.6,1023.7,435
2024-12-21 00:00:00,4.5,-1.8,13.1,0,,,3.8,13,1027.4,189
2024-12-22 00:00:00,6.7,0.6,14.9,0,,,5.5,22.2,1019.9,198
2024-12-23 00:00:00,8.4,0.1,14.5,0,,,15.5,35.2,1019.4,422
2024-12-24 00:00:00,6.6,-0.7,17.4,0,,,5.2,24.1,1022.9,245
2024-12-25 00:00:00,8.7,1.9,15.8,0,,,4,25.9,1027.6,344
2024-12-26 00:00:00,9.3,2.3,16.5,0,,,5.5,16.7,1029.2,323
2024-12-27 00:00:00,5.8,-1.8,18.1,0,,,2.7,14.8,1031,378
2024-12-28 00:00:00,5.3,-2.8,17,0,,,2.9,14.8,1029.3,458
2024-12-29 00:00:00,5.6,-2.5,17.6,0,,,2.7,13,1028.5,454
2024-12-30 00:00:00,4.8,-2.4,15.5,0,,,2.6,14.8,1029.6,426
2024-12-31 00:00:00,7.3,-0.6,15.2,0,,,3.2,16.7,1031,284
